Name,Code,Date,MACD_Sign,EMA_dev_Sign,RSI_Sign,break_30d_Sign,break_52w_Sign,vr_Sign,MACD_Win Rate [%],MACD_SQN,RSI_Win Rate [%],RSI_SQN,EMA_diff_Win Rate [%],EMA_diff_SQN,VR_Win Rate [%],VR_SQN,MAX52w_Win Rate [%],MAX52w_SQN,BB2_Win Rate [%],BB2_SQN,stochastic_Win Rate [%],stochastic_SQN,tsumitate_Win Rate [%],tsumitate_SQN,MAX30d_Win Rate [%],MAX30d_SQN
上場インデックスファンド米国株式（Ｓ＆Ｐ５００）,1547,2024-08-05,0,1,1,0,0,1,100.0,6.335463258785944,100.0,9.871809941796768,83.01886792452831,7.609595547487989,89.74358974358975,7.367880661625077,74.54545454545455,2.945167823182336,86.66666666666667,6.630224534823337,71.33333333333334,6.148181227582145,83.33333333333334,6.246666374940359,76.5625,4.124932290947567
大和ハウス工業,1925,2024-08-05,0,1,1,0,0,0,50.0,1.2121571686164343,46.66666666666666,0.9816519769856172,50.4424778761062,3.0842302768851444,77.14285714285715,4.701111013456444,62.5,1.0276344815658025,44.82758620689656,0.7660474604186192,51.40845070422535,2.6367066138071285,55.00000000000001,1.7997626855690991,51.35135135135135,1.262737547301874
積水ハウス,1928,2024-08-05,0,1,1,0,0,0,66.66666666666666,0.5551232650633897,100.0,15.557363331135122,68.23529411764706,5.683705089585539,81.81818181818183,4.66018446035148,46.66666666666666,0.2972457923681796,65.625,2.652169752008196,66.01307189542483,5.784307293471648,65.0,3.974505717096581,44.73684210526316,0.9647916105975444
エムスリー,2413,2024-08-05,0,1,1,0,0,1,10.0,-1.8456619002447792,25.925925925925924,-1.0672312817270593,34.21052631578947,-0.8277153534122661,45.65217391304348,0.6858128183505785,0.0,-2.6086404066073694,18.421052631578945,-0.9311617140986206,33.56164383561644,0.1601417005399004,26.666666666666668,-0.173985221991042,26.666666666666668,-1.955866750037727
アサヒグループホールディングス,2502,2024-08-05,0,1,1,0,0,0,71.42857142857143,1.369141883499666,85.71428571428571,4.004250662810979,56.99999999999999,2.269469917550769,56.81818181818182,1.6352522385812416,16.666666666666664,-2.6156654689263545,47.05882352941176,0.9742063709120208,45.32374100719424,0.2274349152801434,55.00000000000001,1.411872691644344,41.935483870967744,-0.4315450109180985
キリンホールディングス,2503,2024-08-05,0,1,1,0,0,0,42.85714285714285,-0.046015709376992,55.172413793103445,0.7320358608569684,48.78048780487805,0.1451537225860062,40.0,0.4863138813271493,0.0,-3.9732620320855614,40.0,0.3474241199994395,36.0,-2.401146436671353,40.0,-0.5927814169767436,25.0,-2.0902678751264925
味の素,2802,2024-08-05,0,1,1,0,0,0,66.66666666666666,1.105052218700437,65.21739130434783,3.6316180816082935,53.01204819277109,3.7178320181054487,64.86486486486487,3.9508929123325047,77.77777777777779,4.1229679318218855,59.25925925925925,1.5980752382880554,48.36601307189542,3.04526443547702,45.0,2.3478354859236417,61.11111111111112,3.711557659766232
日本たばこ産業,2914,2024-08-05,0,1,1,0,0,0,100.0,3.3898914835652514,73.91304347826086,3.051854992799288,67.04545454545455,5.227389789360604,71.875,4.075916549693748,87.09677419354838,6.757984856109593,66.66666666666666,3.009415423764674,67.94871794871796,6.546283753452287,66.66666666666666,4.235956956365046,90.9090909090909,9.000801970987853
セブン＆アイ・ホールディングス,3382,2024-08-05,0,1,1,0,0,1,57.14285714285714,0.6477337217986052,35.714285714285715,0.4749779886696018,57.99999999999999,2.9842915108625907,61.40350877192983,2.450594611950568,26.666666666666668,-1.436313344317469,56.66666666666666,2.396489058312845,44.65408805031446,0.5970359488287988,48.333333333333336,0.4729727610567142,31.57894736842105,-1.2026885937490912
東レ,3402,2024-08-05,0,1,1,0,0,0,37.5,0.5801069336824332,80.0,2.010422467743541,51.72413793103448,1.7796995557225126,73.33333333333333,3.45906598487472,0.0,-11.041962104340996,55.172413793103445,1.3953601738759298,44.36619718309859,-0.0219029344240131,43.333333333333336,-0.5336850016395134,23.07692307692308,-2.271660168397463
旭化成,3407,2024-08-05,0,1,1,0,0,1,16.666666666666664,-0.9998793675312114,56.25,1.4058259349361155,28.57142857142857,-0.2554013117862276,29.03225806451613,0.0174142632934834,0.0,-10.047245092418812,27.27272727272727,-0.5975312565692895,34.48275862068966,-1.0696969051530505,31.666666666666664,-0.1446244339203907,30.0,-1.4660080881861732
信越化学工業,4063,2024-08-05,0,1,1,0,0,0,42.85714285714285,1.0843594267317085,100.0,9.861303149399108,54.054054054054056,3.74322795010348,56.00000000000001,2.546601298746076,44.44444444444444,0.4789744104765682,70.96774193548387,3.2742962269876164,60.56338028169014,4.323652183434772,58.333333333333336,2.7389159713259392,54.285714285714285,1.4849470480281215
三菱ケミカルグループ,4188,2024-08-05,0,1,1,0,0,0,25.0,-0.2298744268937989,72.72727272727273,1.792928555861921,45.09803921568628,0.120830947611983,50.98039215686274,0.2901727104500428,25.0,-0.8547383553413028,36.11111111111111,0.1841069466657874,50.0,0.2779483918772691,48.333333333333336,0.3893737057354993,66.66666666666666,2.48144042368825
花王,4452,2024-08-05,0,1,1,0,0,1,75.0,1.5398035825443983,47.05882352941176,0.380746538852464,46.36363636363636,-0.714847548381773,32.142857142857146,-1.3041007002725111,75.0,1.108349793115005,34.88372093023256,-0.3069488529095202,47.28682170542636,0.0210366827431098,35.59322033898305,-1.3971616287476336,40.909090909090914,-0.5668595716410733
武田薬品工業,4502,2024-08-05,0,1,1,0,0,0,50.0,-0.4347638643748094,44.44444444444444,0.9865379219902928,44.5945945945946,0.813372371283396,46.66666666666666,0.6060264724222643,61.53846153846154,-0.0223805709425272,45.71428571428572,0.4484321580004325,50.38167938931297,0.4596765538905872,46.66666666666666,0.3589767941785508,62.85714285714285,1.1971575776878491
アステラス製薬,4503,2024-08-05,0,1,0,0,0,0,50.0,0.0274742140426866,51.42857142857142,2.469840386445798,59.57446808510638,2.061807880741799,39.21568627450981,0.5387173288327509,0.0,-12.668164918254364,38.88888888888889,0.5211050549712846,35.714285714285715,-1.0374921604093366,40.0,0.3486388158537878,25.0,-3.1067131919037854
塩野義製薬,4507,2024-08-05,0,1,1,0,0,0,33.33333333333333,-0.1986592116148964,56.25,1.6437198819815642,57.57575757575758,1.98179959398142,55.55555555555556,2.4700144776616635,25.0,-0.7036555802482656,58.53658536585365,1.91002250106372,58.992805755395686,2.576726924324185,50.0,1.1056506565777673,52.0,0.4614916616011952
中外製薬,4519,2024-08-05,0,1,0,0,0,0,22.22222222222222,0.0418751313294341,37.5,0.2639603230787435,41.50943396226416,1.7575735378317023,53.84615384615385,1.9272588994264048,75.0,2.748659770090648,36.36363636363637,0.4331047196614613,47.01986754966888,3.5113351162889046,48.333333333333336,1.9272834137749144,60.0,2.632216534569994
エーザイ,4523,2024-08-05,0,1,1,0,0,0,80.0,2.2106550428091136,36.36363636363637,1.5033739885337902,38.297872340425535,2.2968545983017763,39.47368421052632,1.3952964242781456,0.0,-3.2622649355982607,36.58536585365854,1.7991949724469034,50.0,2.9073531527308907,35.0,0.6775942806863839,46.42857142857143,0.85817330231023
小野薬品工業,4528,2024-08-05,0,1,0,0,0,0,42.85714285714285,0.2937450752198575,42.85714285714285,-0.1645383138949534,43.58974358974359,-0.1357785352632436,51.72413793103448,1.221024947750164,20.0,-1.0742005270230657,17.647058823529413,-1.8336654603378155,32.87671232876712,0.4839150722354553,36.66666666666666,0.6091013433274339,48.27586206896552,1.261991957030938
テルモ,4543,2024-08-05,0,1,1,0,0,0,42.85714285714285,0.5739187902577371,57.14285714285714,3.2813865011306427,50.66666666666667,2.397705461784449,46.66666666666666,2.260306019433464,40.0,-0.2146567269821555,47.22222222222222,1.2612987230689323,50.70422535211267,1.1672167372037423,50.0,1.230971262516665,51.28205128205128,0.9830146834331944
第一三共,4568,2024-08-05,0,1,1,0,0,0,75.0,1.6561351850812152,42.85714285714285,1.0528629320113363,52.11267605633802,1.876794252706868,36.66666666666666,0.7566353220649675,41.66666666666667,-0.3821847692342783,45.16129032258064,1.4777876167571569,50.76923076923077,1.2347252729206333,55.00000000000001,1.596834118930199,50.0,0.6021549063794688
大塚ホールディングス,4578,2024-08-05,0,1,0,0,0,0,42.85714285714285,0.0623616236935123,88.88888888888889,6.577908534588243,48.78048780487805,2.016309561258148,60.37735849056604,2.420769664543071,75.0,1.6240385434316953,50.0,1.833711787837757,47.22222222222222,0.3245209148589379,51.66666666666667,1.5613124397236202,61.76470588235294,2.3102455940324624
オリエンタルランド,4661,2024-08-05,0,1,1,0,0,0,83.33333333333334,2.976108627025882,56.25,1.205192263696297,46.75324675324675,1.2603862703237416,45.28301886792453,2.4309096402469725,23.07692307692308,-1.539996861529183,46.15384615384615,1.7190078011462089,49.29577464788733,1.4328206112002269,56.66666666666666,1.6054353898187217,62.85714285714285,1.2157961917716291
ＬＩＮＥヤフー,4689,2024-08-05,0,1,1,0,0,0,60.0,0.4972004695129512,28.57142857142857,-0.0773823183081778,35.95505617977528,0.0621234914078995,59.45945945945946,1.8327750258560096,0.0,-4.345454545454546,37.83783783783784,0.2172424408020858,44.07894736842105,1.4086625267118866,40.0,0.2512172423161191,60.0,1.0070964088357803
富士フイルムホールディングス,4901,2024-08-05,0,1,1,0,0,0,50.0,0.8045370174012434,58.82352941176471,1.978518093786826,50.48543689320388,3.3275215181493096,61.53846153846154,3.351500527730042,88.0,5.553864375587213,50.0,1.670380032132912,59.210526315789465,5.470269965261792,56.66666666666666,3.581116920518713,81.3953488372093,6.598262505033106
資生堂,4911,2024-08-05,0,1,0,0,0,0,30.76923076923077,0.0020169582607566,40.0,0.1082006109074149,30.612244897959183,-0.1849783287579918,42.10526315789473,0.2567797245911083,,,33.33333333333333,-1.1076348825044704,42.33576642335766,-1.3395688455241277,36.66666666666666,-1.3861163424362322,26.08695652173913,-2.0408235580852225
ＥＮＥＯＳホールディングス,5020,2024-08-05,0,1,1,0,0,0,75.0,2.62372442174577,100.0,10.2515642125816,54.02298850574713,3.8275838790222494,69.23076923076923,1.828133879970248,54.54545454545454,0.4736372904607376,44.44444444444444,1.3012634312813145,51.35135135135135,4.341300610216847,55.00000000000001,3.094366472093699,67.5,3.3125723134690253
ブリヂストン,5108,2024-08-05,0,1,1,0,0,1,57.14285714285714,1.0656323099001854,75.0,3.4296388746952826,60.0,2.5043321953437907,47.61904761904761,1.5944841827339364,42.10526315789473,-0.5280535170074356,54.054054054054056,1.5488773024841105,55.78231292517006,1.509387162009182,51.66666666666667,1.5764807613694467,46.66666666666666,-0.1636499387790726
日本製鉄,5401,2024-08-05,0,1,1,0,0,0,62.5,1.1943166226716468,100.0,12.24800454373731,52.17391304347826,3.124792070380064,53.57142857142857,2.5776929599230707,56.36363636363636,4.030408448990933,56.52173913043478,2.432992898162532,49.65986394557823,3.654373783453347,48.333333333333336,1.759006615360427,49.01960784313725,3.4283506048548844
住友金属鉱山,5713,2024-08-05,0,1,1,0,0,1,83.33333333333334,3.347532478075128,100.0,6.593941642006151,43.47826086956522,2.442871523515765,38.775510204081634,1.5696662686013962,42.85714285714285,-0.3104883923339632,57.692307692307686,1.16518215499027,59.70149253731343,3.344143349039442,43.333333333333336,1.0295429871554946,46.42857142857143,-0.1371406290989885
住友電気工業,5802,2024-08-05,0,1,1,0,0,0,28.57142857142857,0.0495423374717392,81.81818181818183,5.062465466110757,58.82352941176471,3.4932214422278145,78.04878048780488,5.268367188242146,44.44444444444444,1.1464194407131565,50.0,1.439782489954658,57.44680851063831,3.1958294152020352,58.333333333333336,1.80290245789848,46.51162790697674,0.8645616633425145
リクルートホールディングス,6098,2024-08-05,0,1,1,0,0,0,50.0,0.9056467506207586,83.33333333333334,2.708565927411544,55.42168674698795,3.29035956515262,60.97560975609756,3.459874897993895,77.77777777777779,2.499499063844219,34.48275862068966,1.1018070357712688,53.74149659863946,3.029209152643041,53.333333333333336,2.5249137280029,67.3913043478261,2.851748003272353
日本郵政,6178,2024-08-05,0,1,1,0,0,0,60.0,1.5790514798540565,100.0,14.096976199325736,81.72043010752688,5.895931539190531,83.33333333333334,3.277562214911536,64.70588235294117,1.5186467857015191,56.00000000000001,2.348754935214517,57.04697986577181,4.514407337018075,56.66666666666666,2.789446044788139,72.91666666666666,4.050925253868582
ＳＭＣ,6273,2024-08-05,0,1,1,0,0,0,,,100.0,13.277787530649867,42.85714285714285,0.0303315329743704,50.0,0.3349571571640083,,,53.84615384615385,0.607425347956143,46.93877551020408,1.105775059382043,55.55555555555556,0.194037714063616,,
小松製作所,6301,2024-08-05,0,1,1,0,0,1,80.0,1.767874620729881,61.29032258064516,3.222267540778602,57.831325301204814,3.332740824475044,54.16666666666666,2.2332300732839823,53.333333333333336,-0.207469553323766,68.75,3.228011510854376,50.3448275862069,2.824429863414976,51.66666666666667,2.0471283598393684,54.054054054054056,0.6383835901414153
クボタ,6326,2024-08-05,0,1,1,0,0,1,40.0,-0.5302315112448744,100.0,9.906031696834477,66.0377358490566,2.227781033962233,61.81818181818181,2.2701674346218943,25.0,-1.5049910507147408,54.54545454545454,2.082781637770552,57.43243243243244,2.104657845432913,50.0,0.5375075876763705,16.666666666666664,-4.122318103033558
ダイキン工業,6367,2024-08-05,0,1,1,0,0,0,50.0,0.6483164083377874,44.44444444444444,1.346708562582749,39.0625,0.012616263668011,42.85714285714285,0.880305657932638,60.0,0.898866830398985,56.81818181818182,1.6989917091417277,44.54545454545455,0.3685898012256632,36.53846153846153,-1.043249848673374,62.96296296296296,1.795773541172501
日立製作所,6501,2024-08-05,0,1,1,0,0,0,83.33333333333334,2.842497020752196,71.42857142857143,3.2377870075316912,71.42857142857143,6.080906280936695,75.0,4.912872316490416,75.0,4.377366610181527,50.0,1.85982099032864,60.544217687074834,5.506749616795799,65.0,4.533803621181369,57.89473684210527,2.8526471035602565
三菱電機,6503,2024-08-05,0,1,1,0,0,0,33.33333333333333,0.208496096564684,72.22222222222221,3.0474114339638065,60.41666666666666,2.377233694436208,45.0,1.9642233035594203,54.16666666666666,1.1122872050900217,36.66666666666666,1.3779300148736893,45.27027027027027,2.5438998685529106,36.66666666666666,0.8022086867278777,58.97435897435898,3.083909612413581
ニデック,6594,2024-08-05,0,1,1,0,0,1,42.85714285714285,0.4226160321471097,50.0,1.0034465084769382,54.65116279069767,2.089980582084266,57.77777777777777,1.7556842731986335,50.0,0.0966469428007889,36.11111111111111,-0.7099509864624353,59.06040268456376,2.3701450113929097,44.06779661016949,0.3299327064617633,41.17647058823529,-0.5097529555596805
オムロン,6645,2024-08-05,0,1,1,0,0,1,20.0,-0.5396708333080794,30.303030303030305,-0.0992447701854376,30.76923076923077,1.0049132581358131,53.125,1.1231896170073667,40.0,-0.1376497360256321,42.42424242424242,1.412026039056476,48.93617021276596,1.2342183784749,36.66666666666666,0.1944877597083044,59.25925925925925,1.0998057600720377
富士通,6702,2024-08-05,0,1,1,0,0,0,80.0,2.0094189688416444,100.0,10.8009494082359,58.42696629213483,3.4104540408412385,54.16666666666666,2.4928522022173407,47.61904761904761,-0.4093671669994814,57.14285714285714,2.0877928031392896,50.955414012738856,2.659875658001306,53.333333333333336,1.9065735940097528,37.83783783783784,-1.1420051871126142
ルネサスエレクトロニクス,6723,2024-08-05,0,1,1,0,0,1,57.14285714285714,0.9144877161607964,41.37931034482759,1.7526697855697646,46.0,2.718162308705035,61.97183098591549,2.878798811939025,56.52173913043478,1.6773353278728158,56.52173913043478,2.232201530687964,45.51282051282051,2.5789886518822565,61.66666666666667,1.999829269364527,47.22222222222222,0.9516731132647964
パナソニック　ホールディングス,6752,2024-08-05,0,1,1,0,0,1,27.27272727272727,0.212067363429754,83.33333333333334,2.0031862358998533,30.0,0.1044297813501643,54.54545454545454,2.151898577063659,44.44444444444444,-0.1310526759098528,39.47368421052632,0.8647348959244117,38.68613138686132,0.0988199159063635,38.333333333333336,0.7491811639951771,40.74074074074074,-0.3225728600581867
ソニーグループ,6758,2024-08-05,0,1,1,0,0,0,60.0,1.4390482271883334,87.5,3.658232821052452,45.16129032258064,1.3716654115633684,68.42105263157895,2.061078746821383,25.0,-1.4194991615934784,61.29032258064516,2.0757954536479604,55.55555555555556,2.6316643938207,61.66666666666667,2.156152382924368,51.61290322580645,-0.5886015218742062
キーエンス,6861,2024-08-05,0,1,1,0,0,0,,,52.38095238095239,1.8119077804863808,53.191489361702125,0.8923354302149981,56.25,1.8015229262761183,,,40.0,-0.3719100373695365,52.38095238095239,1.9742393165056769,53.125,1.4218697116334955,,
シスメックス,6869,2024-08-05,0,1,1,0,0,0,38.46153846153847,0.0897472996423546,58.06451612903226,1.5188199707203176,45.23809523809524,1.5164676499309422,55.00000000000001,1.5626696616411853,30.0,-3.467435736549818,54.054054054054056,1.311536260379081,44.5945945945946,-0.4350614246343915,45.0,-0.5666099945704957,35.483870967741936,-3.1751101771185746
デンソー,6902,2024-08-05,0,1,1,0,0,0,75.0,1.872716391551527,68.75,2.3847518525939715,45.83333333333333,1.51421353355789,50.0,2.177860124660311,36.36363636363637,-1.192141329691879,44.82758620689656,1.5187686036450176,47.794117647058826,1.9213336775151195,41.66666666666667,0.9353983989438835,45.23809523809524,-0.3549599699892185
レーザーテック,6920,2024-08-05,0,1,1,0,0,1,66.66666666666666,1.880147641964252,37.5,0.082156586368508,27.27272727272727,-0.8619785735667004,45.45454545454545,1.7376454804048749,28.57142857142857,-1.5737670659424343,33.33333333333333,1.0290634558400085,51.74825174825175,0.9230037755647216,50.84745762711864,1.3086330543905258,37.93103448275862,-0.656981922405972
ファナック,6954,2024-08-05,0,1,1,0,0,0,77.77777777777779,1.839689665872202,47.61904761904761,1.4994574811899732,50.0,0.9429669319287796,69.56521739130434,2.9438486597015907,0.0,-3.1994644658303013,46.34146341463415,0.3376344982710295,50.967741935483865,0.9926542346886906,45.0,0.2495107246097812,26.08695652173913,-2.231120246663017
京セラ,6971,2024-08-05,0,1,1,0,0,0,57.14285714285714,0.7557906345830558,70.58823529411765,3.423680806049961,63.52941176470588,3.151054403769661,76.0,4.108383190336197,0.0,-4.418736338323399,37.5,0.563188836041351,55.333333333333336,1.110018939002702,58.333333333333336,1.218482995839777,53.57142857142857,0.194412469628762
村田製作所,6981,2024-08-05,0,1,1,0,0,0,20.0,-1.2826558894593425,87.5,3.264209460729719,50.89285714285714,1.52874664418418,70.37037037037037,2.88496509505656,44.44444444444444,-0.2987347103019701,51.85185185185185,1.896097683882604,51.65562913907284,1.0128756807734645,50.0,0.8910963944656081,36.66666666666666,-0.3209886714854097
三菱重工業,7011,2024-08-05,0,1,1,0,0,0,0.0,-16.646873052663363,100.0,6.543771126537958,39.39393939393939,3.387121955388,58.333333333333336,4.370682184646316,86.20689655172413,6.016904533356567,28.57142857142857,1.377396366093062,44.21768707482993,4.365655787175184,43.333333333333336,1.855306371241901,70.0,5.254031735541719
日産自動車,7201,2024-08-05,0,1,1,0,0,1,33.33333333333333,0.6356210570097536,66.66666666666666,2.334405881468662,50.495049504950494,1.1084048338685824,57.14285714285714,2.145291348057897,0.0,-3.576721054713676,48.48484848484848,0.0099213458884707,30.51948051948052,-1.2190959051708476,36.66666666666666,-1.3103445696497673,32.0,-0.7336370841948254
トヨタ自動車,7203,2024-08-05,0,1,1,0,0,1,66.66666666666666,1.6126479311194737,63.1578947368421,1.8578778933387128,51.72413793103448,2.821239363237064,52.17391304347826,2.811350054516496,61.90476190476191,1.3546814315896318,58.53658536585365,3.2991810339692824,53.84615384615385,2.732042989090785,53.333333333333336,2.036725693396339,67.85714285714286,2.237406309886185
本田技研工業,7267,2024-08-05,0,1,1,0,0,1,20.0,-0.4925997335879084,56.25,2.815565360106316,47.45762711864407,1.6862646891199111,57.49999999999999,3.3827003977549164,54.54545454545454,1.305431819326344,60.0,2.0345323177886794,40.939597315436245,0.9087064996324248,45.0,0.2880317263896699,47.22222222222222,1.031246354267743
スズキ,7269,2024-08-05,0,1,1,0,0,0,70.0,2.7329197710458457,81.25,3.810420356710352,68.62745098039215,3.820377511979588,54.34782608695652,3.127675807306677,14.285714285714285,-1.7961924584368874,62.5,2.267532305332559,54.67625899280576,2.492518260440513,46.66666666666666,0.6345458525201608,45.16129032258064,-0.3959735591112776
ＳＵＢＡＲＵ,7270,2024-08-05,0,1,1,0,0,1,20.0,-0.1515773501282815,47.61904761904761,1.9424574627109656,56.09756097560976,1.4939419729642445,54.16666666666666,1.1270410176166246,15.384615384615383,-2.911892772900093,60.60606060606061,1.7200683960373413,45.6953642384106,-0.4813755876352014,46.66666666666666,0.0556991187678742,46.875,1.1037571904872672
シマノ,7309,2024-08-05,0,1,1,0,0,0,33.33333333333333,-1.1111945779451573,50.0,1.1686793770490047,47.61904761904761,0.8759447974025582,43.75,0.1171644502447332,25.0,0.2660972402785387,59.25925925925925,2.271711282915721,41.53846153846154,-0.2537900318715076,44.642857142857146,0.112672467693736,24.0,-1.0616400316277663
オリンパス,7733,2024-08-05,0,1,1,0,0,1,25.0,-0.8907325759974138,44.82758620689656,0.7381556917810986,60.24096385542169,2.949003917935971,55.81395348837209,1.1276029732649493,33.33333333333333,-0.3710109246953012,64.28571428571429,2.158541276129662,55.24475524475524,2.2448302879595725,56.66666666666666,1.8376200061322,27.27272727272727,-1.4097323247004383
ＨＯＹＡ,7741,2024-08-05,0,1,1,0,0,0,42.85714285714285,0.3815496768681859,52.63157894736842,0.6256226306045795,48.05194805194805,1.7282641856606231,44.44444444444444,0.6223367333577766,40.0,-0.6073040147509462,51.51515151515152,1.0058783523994268,44.354838709677416,-0.1692648845160358,54.23728813559322,1.6839370951427706,62.5,0.8186142890950632
キヤノン,7751,2024-08-05,0,1,1,0,0,0,50.0,0.8434461109242187,40.625,1.8823140731574053,50.0,3.2396106602756145,50.0,1.7988943346356605,33.33333333333333,-0.7932360966245314,62.16216216216216,3.091714534489134,56.68789808917197,4.4344818195294815,55.00000000000001,2.80123561967404,53.333333333333336,0.919116749324514
バンダイナムコホールディングス,7832,2024-08-05,0,1,1,0,0,0,83.33333333333334,1.81353885821686,80.0,1.9852242013669448,39.74358974358975,1.029927878371406,38.46153846153847,0.829679591604035,33.33333333333333,-0.2938609893953398,41.66666666666667,1.0600982566893995,41.55844155844156,0.3735123141558706,45.0,0.6778687049509051,40.74074074074074,-0.7826227816455945
任天堂,7974,2024-08-05,0,1,1,0,0,1,80.0,2.401353508904483,47.368421052631575,1.8438086566122525,40.963855421686745,2.4425425034861066,47.82608695652174,2.82052845777904,71.42857142857143,0.8173873447646801,60.0,1.722174664675433,43.66197183098591,1.2842033311849594,50.0,1.9891263809484407,51.42857142857142,1.369927470837645
伊藤忠商事,8001,2024-08-05,0,1,1,0,0,0,,,96.96969696969695,13.385760808382951,91.1504424778761,12.008820444344371,82.92682926829268,8.687072227751404,51.61290322580645,1.9194884354601,78.26086956521739,4.743763045761067,72.95597484276729,7.815369465443208,73.33333333333333,5.716700818394343,54.34782608695652,2.780392638356612
丸紅,8002,2024-08-05,0,1,1,0,0,1,100.0,4.160648175189598,76.47058823529412,4.388778794605825,64.1025641025641,5.548436516719442,63.63636363636363,3.846633467062808,64.51612903225806,3.105078020863234,53.84615384615385,2.4160717919593417,65.18987341772153,7.96891027493997,60.0,4.424731217824405,64.70588235294117,3.9293832038464687
三井物産,8031,2024-08-05,0,1,1,0,0,1,50.0,0.3775419982316534,94.11764705882352,6.560806706504094,73.73737373737373,7.435445538129408,66.66666666666666,6.046773995103201,68.42105263157895,2.833833721503425,68.42105263157895,3.424194667132064,67.8082191780822,8.221565584093769,68.33333333333333,4.657779491201041,59.57446808510638,3.0357468771906766
東京エレクトロン,8035,2024-08-05,0,1,1,0,0,1,80.0,2.0659057452761105,60.0,0.6862781427796045,51.11111111111111,0.3953163070587064,76.19047619047619,3.0121296095602,30.0,-1.631682129591021,54.54545454545454,-0.6476306483293274,58.64661654135338,0.5334714826574705,46.55172413793103,1.326725866082326,34.375,-0.596052779842434
住友商事,8053,2024-08-05,0,1,1,0,0,1,83.33333333333334,2.4891160613247068,83.87096774193549,5.860292366599566,61.40350877192983,7.048136584656985,61.90476190476191,5.659960958404179,74.07407407407408,3.1580791660131684,71.42857142857143,4.266517412117234,67.76315789473685,8.078584998986413,65.0,4.826789543844755,70.83333333333334,3.6660354431183295
三菱商事,8058,2024-08-05,0,1,1,0,0,0,100.0,135.533349609375,100.0,11.043220840423627,82.29166666666666,8.837331866317195,84.61538461538461,5.955365627194192,70.0,3.5450465708798453,70.37037037037037,3.2776910802144803,76.12903225806451,9.954240233632127,75.0,5.46242961705165,80.0,5.328077725572685
ユニ・チャーム,8113,2024-08-05,0,1,1,0,0,0,80.0,1.2417794283733423,54.54545454545454,1.3672964922416753,56.60377358490566,1.8941539587060745,57.49999999999999,1.6951162528628922,16.666666666666664,-1.7952107832171715,57.57575757575758,1.5870293904584685,54.34782608695652,1.5423976251113856,45.0,-0.4881203396649012,23.07692307692308,-2.812231513595072
イオン,8267,2024-08-05,0,1,1,0,0,0,50.0,0.8271933838129738,62.5,1.3997992757601807,44.354838709677416,2.266932742185457,32.142857142857146,-0.1259207996934732,68.75,1.966325735751402,33.33333333333333,0.4042845641764781,49.65034965034965,2.9003061191079875,43.333333333333336,1.3426763521638272,54.285714285714285,0.8896140048563053
三菱ＵＦＪフィナンシャル・グループ,8306,2024-08-05,0,1,1,0,0,0,60.0,0.3155998124541752,100.0,11.934325767864674,82.4074074074074,8.380865987877977,72.41379310344827,5.304248003157368,61.53846153846154,3.250979916400345,66.66666666666666,2.6363658617546224,64.86486486486487,7.130618884671583,58.333333333333336,3.501190591979608,68.29268292682927,5.060543549723715
りそなホールディングス,8308,2024-08-05,0,1,1,0,0,0,16.666666666666664,-1.4450665524990651,100.0,9.3434556909214,57.54716981132076,4.369355477932581,68.18181818181817,3.7614782327680487,37.5,-0.4655145280993809,44.44444444444444,2.009425934496232,59.310344827586206,6.353099601510714,50.0,2.863267656396942,50.0,1.2823746372837916
三井住友トラスト・ホールディングス,8309,2024-08-05,0,1,1,0,0,0,71.42857142857143,1.711701477954657,90.47619047619048,6.511885251687223,73.11827956989248,6.274877939227896,78.94736842105263,4.066406296026781,54.16666666666666,1.186029977271609,82.14285714285714,5.2040486762806175,65.06849315068493,7.079926012088884,70.0,4.876637095698922,55.81395348837209,2.5962800832333817
三井住友フィナンシャルグループ,8316,2024-08-05,0,1,1,0,0,0,75.0,1.6618787070542649,100.0,19.85985525481884,93.33333333333331,7.341036960663534,80.43478260869566,6.400874541870282,60.86956521739131,2.9199886392284924,57.14285714285714,2.2720930241113093,62.06896551724138,5.743242551922341,58.333333333333336,4.503100034232774,58.69565217391305,4.295454885031138
みずほフィナンシャルグループ,8411,2024-08-05,0,1,1,0,0,0,57.14285714285714,0.973208180374296,92.85714285714286,5.577108189737029,73.26732673267327,6.907400009943718,70.27027027027027,3.806402114982253,81.25,3.804510040569258,60.71428571428571,1.896404160168168,58.9041095890411,4.943872441983439,61.66666666666667,3.43089970074953,71.05263157894737,4.932743408340247
オリックス,8591,2024-08-05,0,1,1,0,0,0,100.0,13.19277509395268,100.0,11.123520642934126,75.0,7.073629025778213,80.64516129032258,5.202943317519861,72.22222222222221,2.8081560544395607,77.27272727272727,4.365369720935055,69.6551724137931,6.499364253661176,61.66666666666667,3.916135544702408,65.9090909090909,3.262190856988232
野村ホールディングス,8604,2024-08-05,0,1,1,0,0,0,40.0,0.625504695257982,72.97297297297297,3.880201401289255,52.0,3.179208364356017,61.53846153846154,3.36574228891294,55.00000000000001,1.7057543670083244,33.33333333333333,0.5033385445174351,50.0,3.392343231776198,46.66666666666666,2.442788393517765,46.15384615384615,1.3751240960070676
ＳＯＭＰＯホールディングス,8630,2024-08-05,0,1,1,0,0,0,66.66666666666666,1.0915400063734777,64.28571428571429,2.844616165722486,60.95238095238096,4.735069684076707,61.76470588235294,3.894061729603879,46.42857142857143,0.8055101906872569,60.60606060606061,3.5260701240298027,61.58940397350994,5.698979037195862,61.66666666666667,3.7266592061956048,43.47826086956522,1.3504736442270682
日本取引所グループ,8697,2024-08-05,0,1,1,0,0,1,57.14285714285714,1.2872851918973218,60.0,2.1854661709966856,51.89873417721519,2.480091235366133,48.14814814814815,1.859272323795836,60.0,1.8387831911379915,48.48484848484848,1.4678925408634251,49.333333333333336,3.089082722164381,48.333333333333336,1.851329285813948,65.71428571428571,4.049155571163727
ＭＳ＆ＡＤインシュアランスグループホールディングス,8725,2024-08-05,0,1,1,0,0,0,66.66666666666666,1.222341926921631,100.0,16.438822768595045,95.74468085106383,9.412150361437291,94.28571428571428,7.947606555498168,60.60606060606061,4.0353632441224505,94.44444444444444,6.884097224749303,68.87417218543047,6.750439472702715,66.66666666666666,4.345473239956683,76.0,5.756400843476825
第一生命ホールディングス,8750,2024-08-05,0,1,1,0,0,0,83.33333333333334,2.7983222694147627,100.0,11.008122404669942,58.03571428571429,6.260312680332815,68.0,3.943696119720165,37.93103448275862,-0.4072007478715525,51.85185185185185,2.405819646554005,67.78523489932886,6.62378606536576,53.333333333333336,2.854011924959427,57.77777777777777,1.9248459753326328
東京海上ホールディングス,8766,2024-08-05,0,1,1,0,0,0,77.77777777777779,2.464001690922699,100.0,13.681487274362883,86.29032258064517,11.890992863908249,88.0,7.993800094893939,75.75757575757575,4.270877227356694,71.42857142857143,3.9610824079761975,68.63905325443787,7.252935922524601,65.0,4.436131430248194,80.0,6.108692270154095
三井不動産,8801,2024-08-05,0,1,1,0,0,0,66.66666666666666,1.0196326872392925,88.88888888888889,5.206755581164216,49.01960784313725,2.958116039119986,70.37037037037037,2.8419101411569843,90.9090909090909,5.879111241357903,46.875,2.2350002553517405,48.36601307189542,3.1981734507274524,50.0,2.566361290637246,56.75675675675676,3.9353483374684255
三菱地所,8802,2024-08-05,0,1,1,0,0,0,36.36363636363637,0.362146030555748,100.0,7.032826740306508,52.5,2.9862043353333934,48.48484848484848,1.3820236837529898,62.5,1.0130555804132504,54.54545454545454,1.92857168292777,44.73684210526316,2.397015100744696,46.66666666666666,1.4425153502589123,51.72413793103448,1.2786021627460995
住友不動産,8830,2024-08-05,0,1,1,0,0,0,33.33333333333333,-0.5881256250321876,73.07692307692307,3.423008650126214,47.61904761904761,1.9389823140151967,47.368421052631575,1.7863914264425111,50.0,0.6506394472553153,53.333333333333336,0.943158424818924,43.50649350649351,1.2820973382355492,50.0,0.5328581741818534,34.375,-0.3383026928635572
東日本旅客鉄道,9020,2024-08-05,0,1,1,0,0,0,37.5,-0.1710679433053043,62.5,1.579724573287114,44.89795918367347,0.0647787084139183,48.64864864864865,0.9306275915928628,0.0,-4.592417656550573,40.0,-0.4314987093731457,38.095238095238095,-1.2084445476634629,41.66666666666667,-0.381985197488105,46.66666666666666,-0.5600548230904608
西日本旅客鉄道,9021,2024-08-05,0,1,1,0,0,0,22.22222222222222,-1.067920775487442,66.66666666666666,2.089428235391066,47.19101123595505,0.0470566911654498,51.42857142857142,0.2639474064101371,0.0,-8.765000664457766,32.35294117647059,-1.0544194391344244,46.52777777777778,1.0440308928123638,48.333333333333336,0.2035803155443601,33.33333333333333,-1.5646250430133504
東海旅客鉄道,9022,2024-08-05,0,1,1,0,0,0,22.22222222222222,-0.336426198013501,80.0,4.487670608938944,54.7945205479452,1.5344449630112025,64.1025641025641,2.7083246814635773,0.0,-5.165805271210373,38.23529411764706,-1.047727399034588,51.70068027210885,0.3492033158158281,46.66666666666666,-0.1637008014926458,34.21052631578947,-1.5130516026040923
日本郵船,9101,2024-08-05,0,1,1,0,0,0,50.0,-0.1867087461535542,83.87096774193549,5.059189734179391,55.68181818181818,3.030147719114314,54.054054054054056,1.994032059954156,56.00000000000001,0.4098094325707012,28.000000000000004,-0.3583644448584974,60.273972602739725,2.8290869723322336,53.333333333333336,2.08972313528375,57.692307692307686,0.6175718769490087
ＡＮＡホールディングス,9202,2024-08-05,0,1,1,0,0,1,66.66666666666666,1.3067901561520645,55.88235294117647,1.7702020438121389,39.53488372093023,0.7601606015053556,48.38709677419355,0.3222448606619558,33.33333333333333,-1.2490046085605246,42.10526315789473,0.8993836333034783,47.61904761904761,0.164059427235859,48.333333333333336,0.3058691077638894,37.142857142857146,-1.0426081641429863
日本電信電話,9432,2024-08-05,0,1,1,0,0,0,100.0,3.763439625257399,77.41935483870968,4.742487496768148,70.37037037037037,5.448336379404836,68.08510638297872,4.181649914091103,60.0,1.2531383460850032,46.15384615384615,0.657854148318132,64.42953020134227,5.233684322635361,63.33333333333333,3.3876281308834484,67.64705882352942,3.2462361166372617
ＫＤＤＩ,9433,2024-08-05,0,1,0,0,0,0,50.0,0.2072757103450415,80.95238095238095,4.340815892669258,55.00000000000001,2.8341316322411325,54.54545454545454,1.8691654875693315,23.52941176470588,-1.0844573575774794,44.82758620689656,0.7300569953089979,53.896103896103895,1.9356189717662688,60.0,2.455833271457798,58.333333333333336,2.365775817453798
ソフトバンク,9434,2024-08-05,0,1,1,0,0,0,33.33333333333333,-0.3978178143110549,65.51724137931035,1.1227843444275027,69.0721649484536,4.051016782744849,78.94736842105263,5.179185610043442,72.22222222222221,3.3424736683526506,71.42857142857143,2.694505787367194,60.689655172413794,3.476175400107695,66.66666666666666,2.634685511816776,73.17073170731707,4.569272642035981
セコム,9735,2024-08-05,0,1,1,0,0,0,50.0,-0.0867529531072241,58.82352941176471,1.448796333287344,58.66666666666666,1.3399227988222495,44.44444444444444,0.5558997302438307,77.77777777777779,0.9938695112208648,45.45454545454545,0.595990334689592,51.908396946564885,2.0260030545785064,46.66666666666666,0.4585046312390889,64.51612903225806,2.93960147476057
ニトリホールディングス,9843,2024-08-05,0,0,0,0,0,0,50.0,0.5413533834586466,52.94117647058824,1.264048383946214,37.77777777777778,0.1899900874174485,45.45454545454545,-1.413594643509385,83.33333333333334,2.354506817132153,35.483870967741936,-1.0196047599730742,43.36283185840708,0.2952938660133815,34.0,-1.4082548363374747,50.0,1.4131724204841454
ファーストリテイリング,9983,2024-08-05,0,1,1,0,0,0,50.0,0.8632795451481047,30.434782608695656,0.3449628052763147,33.9622641509434,-0.7953155534166901,30.76923076923077,0.28900256668616,55.55555555555556,0.348568217334317,34.78260869565217,-1.4214653440690486,33.33333333333333,0.0251201459338902,38.46153846153847,-0.6719694658647588,60.86956521739131,0.5988418157613947
ソフトバンクグループ,9984,2024-08-05,0,1,1,0,0,0,37.5,0.4044968556450214,38.70967741935484,1.4844300331047902,30.526315789473685,1.134532664730508,46.0,2.8967470590581708,62.5,0.7320491271394822,36.36363636363637,1.3359527656043175,41.25874125874126,1.5516230180831887,38.333333333333336,1.3145477706380335,48.38709677419355,0.953822572331518
3M,MMM,2024-08-05,0,0,0,0,0,0,41.66666666666667,0.715813973560106,60.0,0.4349548189304774,35.18518518518518,0.6516497782575074,50.0,0.4086265532462612,25.0,-1.5974174579319589,21.62162162162162,-1.7989519191858556,39.35483870967742,-1.939946566334921,43.333333333333336,-0.5933537709801906,33.33333333333333,-1.4194195070436535
A.O. スミス,AOS,2024-08-05,0,0,0,0,0,0,,,,,44.44444444444444,2.075463121589985,,,,,,,,,,,,
アボット ラボラトリーズ,ABT,2024-08-05,0,0,0,0,0,0,,,,,,,,,,,,,,,,,36.36363636363637,-1.3268140789591163
アッヴィ,ABBV,2024-08-05,0,0,0,0,0,0,,,,,51.11111111111111,2.050545533751079,,,,,,,,,,,,
ABMD,ABMD,2022-12-23,0,0,0,0,0,0,,,,,,,,,,,,,,,,,,
アクセンチュア,ACN,2024-08-05,0,0,0,0,0,0,,,,,,,,,,,,,,,,,,
アーチャー ダニエルズ ミッドランド,ADM,2024-08-05,0,1,0,0,0,0,,,,,45.28301886792453,0.0258911300560378,34.78260869565217,-0.729302476684593,,,,,,,,,,
アドビ,ADBE,2024-08-05,0,1,0,0,0,0,42.85714285714285,1.1084131015744858,,,42.0,-0.417724342998548,,,,,,,,,,,42.5,-0.2545618240719706
アドバンス オート パーツ,AAP,2024-08-05,0,1,0,0,0,0,,,,,40.0,-1.2470244268803845,,,,,,,,,,,,
アドバンスト マイクロ デバイシズ,AMD,2024-08-05,0,0,1,0,0,1,,,88.88888888888889,3.586643202027243,51.92307692307693,0.8957398456790506,50.0,1.6289091874732322,,,,,,,,,,
AES,AES,2024-08-05,0,1,0,0,0,0,,,,,43.18181818181818,-0.7176477050872282,25.0,-0.7745935314541214,,,,,,,,,,
アフラック,AFL,2024-08-05,0,0,0,0,0,0,,,,,,,,,,,,,,,,,,
アジレント テクノロジーズ,A,2024-08-05,0,0,0,0,0,0,,,22.22222222222222,-0.3045631922353747,,,38.88888888888889,0.4171369301790231,,,,,,,,,,
エアープロダクツ アンド ケミカルズ,APD,2024-08-05,0,0,0,0,0,0,33.33333333333333,0.06538397426283,,,60.37735849056604,2.1222531893204697,63.1578947368421,2.378349005899905,,,,,,,,,,
アカマイ　テクノロジーズ,AKAM,2024-08-05,0,0,0,0,0,0,,,,,,,33.33333333333333,0.6896466541543725,,,,,,,,,,
アラスカ　エア　グループ,ALK,2024-08-05,0,1,1,0,0,1,,,23.07692307692308,-0.2979686492184013,53.191489361702125,1.3517386179647155,33.33333333333333,-0.9272563192238,,,,,,,,,,
アルベマール,ALB,2024-08-05,0,1,1,0,0,0,,,30.0,0.4281684315178404,45.76271186440678,1.6402886489821775,31.03448275862069,0.4951325352753388,,,,,,,,,,
ARE,ARE,2024-08-05,0,1,0,0,0,0,,,,,38.0,0.7148164315071879,,,,,,,,,,,,
アライン　テクノロジー,ALGN,2024-08-05,0,1,1,0,0,0,,,50.0,-0.1430099287348191,27.500000000000004,-0.0703803288931664,,,,,,,,,,,,
アレジオン,ALLE,2024-08-05,0,0,0,0,0,0,,,,,,,,,,,,,,,,,46.66666666666666,0.1066249653918283
アライアント エナジー,LNT,2024-08-05,0,0,0,0,0,0,,,,,,,55.172413793103445,1.4895525397225802,0.0,-7.723679710454258,,,,,,,33.33333333333333,-1.5781126223898312
オールステート,ALL,2024-08-05,0,0,0,0,0,0,,,,,,,,,,,,,,,,,,
アルファベット A,GOOGL,2024-08-05,0,1,1,0,0,1,,,25.0,-0.1892313175961169,37.03703703703704,1.7715343728630737,65.0,3.1129174619250035,65.38461538461539,3.060978174414949,,,,,,,53.84615384615385,2.3726467531642923
アルファベット C,GOOG,2024-08-05,0,1,1,0,0,1,,,45.45454545454545,0.0758796493234887,38.0,1.824250513774069,70.0,3.0991664373120065,72.0,3.813858196878975,,,,,,,56.41025641025641,2.739568954656942
アルトリア グループ,MO,2024-08-05,0,0,0,0,0,0,,,,,,,,,16.666666666666664,-2.547215178477851,,,,,,,38.88888888888889,-0.6915441801808784
アマゾン ドットコム,AMZN,2024-08-05,0,1,1,0,0,1,,,33.33333333333333,0.4843265536834623,57.692307692307686,2.1525764220502266,46.66666666666666,1.1189697123235876,75.0,2.205658797049498,,,,,,,52.38095238095239,2.461585305963712
アムコア,AMCR,2024-08-05,0,0,0,0,0,0,,,,,,,,,,,,,,,,,,
アメレン,AEE,2024-08-05,0,0,0,0,0,0,,,,,,,,,,,,,,,,,37.83783783783784,-0.7679742597775717
アメリカン エアラインズ グループ,AAL,2024-08-05,0,1,1,0,0,0,,,42.85714285714285,-0.3763988475774308,57.77777777777777,2.1392404147752986,34.48275862068966,-0.3722583968872854,,,,,,,,,,
アメリカン エレクトリック パワー,AEP,2024-08-05,0,0,0,0,0,0,,,,,,,,,20.0,-1.467877439774353,,,,,,,31.25,-0.6958922181677395
アメリカン エキスプレス,AXP,2024-08-05,0,1,0,0,0,0,,,,,46.80851063829788,2.5607984032149047,,,,,,,,,,,,
アメリカン インターナショナル グループ,AIG,2024-08-05,0,1,1,0,0,0,,,60.0,1.442991644603742,42.0,2.111737795903904,,,,,,,,,,,,
AMT,AMT,2024-08-05,0,0,0,0,0,0,,,,,,,,,33.33333333333333,-0.6794643322318977,,,,,,,44.73684210526316,-0.3516171614818598
アメリカン ウォーター ワークス,AWK,2024-08-05,0,0,0,0,0,0,,,,,,,,,,,,,,,,,25.806451612903224,-2.4727107642038497
アメリプライズ ファイナンシャル,AMP,2024-08-05,0,1,1,0,0,1,,,44.44444444444444,1.131996393062247,56.25,3.572598701208152,51.72413793103448,2.352339594806185,,,,,,,,,,
アメテック,AME,2024-08-05,0,1,1,0,0,0,,,45.45454545454545,0.2711827375012694,51.92307692307693,2.2988198374705937,31.818181818181817,0.3301407634667457,,,,,,,,,,
アムジェン,AMGN,2024-08-05,0,0,0,0,0,0,,,,,,,,,,,,,,,,,,
アンフェノール,APH,2024-08-05,0,1,1,0,0,1,,,33.33333333333333,0.4681887633038045,53.57142857142857,3.1647841146618845,72.97297297297297,5.205515816355691,,,,,,,,,,
アナログ デバイセズ,ADI,2024-08-05,0,1,1,0,0,0,,,63.63636363636363,2.4892226046820385,68.25396825396825,3.665840954244673,,,,,,,,,,,,
アンシス,ANSS,2024-08-05,0,1,1,0,0,1,,,25.0,0.1630642955136729,50.0,1.235690294670165,33.33333333333333,0.6139413784826713,,,,,,,,,,
エーオン,AON,2024-08-05,0,0,0,0,0,0,,,,,,,,,,,,,,,,,38.095238095238095,-0.6801439474765003
エイピーエイ,APA,2024-08-05,0,1,1,0,0,0,,,58.333333333333336,1.1394430251274088,29.545454545454547,0.9870739208132888,,,,,,,,,,,,
アップル,AAPL,2024-08-05,0,1,0,0,0,0,,,,,44.230769230769226,1.356515725125355,,,25.0,-1.3913681454030056,,,,,,,48.21428571428572,0.677819087873151
アプライド マテリアルズ,AMAT,2024-08-05,0,1,1,0,0,0,,,57.14285714285714,1.0797811743142764,42.5925925925926,2.305726762341753,37.5,1.4521894088082583,,,,,,,,,,
アプティブ,APTV,2024-08-05,0,0,0,0,0,0,,,66.66666666666666,0.2539213708677619,33.33333333333333,0.1649320791712831,,,,,,,,,,,,
アリスタ ネットワークス,ANET,2024-08-05,0,1,0,0,0,0,,,,,45.65217391304348,1.6473329710814928,,,68.57142857142857,2.902182769504036,,,,,,,62.06896551724138,2.849648443848219
アーサー　Ｊ　ギャラガー,AJG,2024-08-05,0,0,0,0,0,0,,,,,,,,,55.00000000000001,1.4139753015892151,,,,,,,63.46153846153846,2.9188860301172075
アシュラント,AIZ,2024-08-05,0,0,0,0,0,0,,,42.85714285714285,0.5979807463649772,,,,,,,,,,,,,,
AT&T,T,2024-08-05,0,0,0,0,0,0,,,,,,,,,,,,,,,,,,
アトモス エナジー,ATO,2024-08-05,0,0,0,0,0,0,,,,,,,,,,,,,,,,,,
オートデスク,ADSK,2024-08-05,0,1,0,0,0,0,,,,,54.90196078431373,1.4463355878946689,,,,,,,,,,,,
オートマチック データ プロセシング,ADP,2024-08-05,0,0,0,0,0,0,,,,,53.191489361702125,0.5609070786006647,,,,,,,,,,,,
オートゾーン,AZO,2024-08-05,0,0,0,0,0,0,,,,,,,,,,,,,,,,,59.18367346938776,2.062714281769869
AVB,AVB,2024-08-05,0,0,0,0,0,0,,,,,,,,,,,,,,,,,,
エイブリー デニソン,AVY,2024-08-05,0,1,1,0,0,1,,,44.44444444444444,-0.1840605982971054,51.92307692307693,1.847248753928816,33.33333333333333,-1.3242939411763115,,,,,,,,,,
ベーカー ヒューズ,BKR,2024-08-05,0,1,0,0,0,0,,,,,23.404255319148938,-0.2087086038001748,,,57.14285714285714,1.5151544702550497,,,,,,,61.53846153846154,2.3244148420949373
バンク オブ アメリカ,BAC,2024-08-05,0,1,1,0,0,0,,,71.42857142857143,1.0464177350920447,55.10204081632652,2.551798220758743,,,,,,,,,,,,
バス & ボディ ワークス,BBWI,2024-08-05,0,1,1,0,0,0,,,20.0,-0.4135625444904049,24.489795918367346,-1.264811300399104,47.05882352941176,0.7322339417632874,,,,,,,,,,
バクスター インターナショナル,BAX,2024-08-05,0,0,0,0,0,0,,,,,,,38.46153846153847,0.7402917456797111,,,,,,,,,,
ベクトン ディッキンソン,BDX,2024-08-05,0,0,0,0,0,0,,,,,,,,,,,,,,,,,,
ベスト バイ,BBY,2024-08-05,0,1,0,0,0,0,,,,,34.090909090909086,0.3975215397898813,,,,,,,,,,,,
バイオ-ラッド ラボラトリーズ A,BIO,2024-08-05,0,0,0,0,0,0,,,,,,,,,,,,,,,,,,
バイオ テクネ,TECH,2024-08-05,0,0,0,0,0,0,,,,,,,52.38095238095239,1.6704519451525195,,,,,,,,,29.411764705882355,-1.9047364707771308
バイオジェン,BIIB,2024-08-05,0,1,0,0,0,0,,,,,46.2962962962963,1.3629897052073836,,,,,,,,,,,,
ブラックロック,BLK,2024-08-05,0,0,0,0,0,0,,,,,,,,,27.27272727272727,-2.232124608578994,,,,,,,38.88888888888889,-0.894473884046135
バンク オブ ニューヨーク メロン,BK,2024-08-05,0,1,0,0,0,0,,,,,37.2093023255814,0.8507845049206723,,,,,,,,,,,,
ボーイング,BA,2024-08-05,0,1,0,0,0,0,,,,,29.166666666666668,0.1480333271866766,,,,,,,,,,,,
ブッキング ホールディングス,BKNG,2024-08-05,0,1,1,0,0,1,,,55.55555555555556,1.4736314617753998,47.82608695652174,1.6501064873397322,53.57142857142857,2.967575381824477,,,,,,,,,,
ボルグワーナー,BWA,2024-08-05,0,0,0,0,0,0,,,,,,,,,,,,,,,,,,
BXP,BXP,2024-08-05,0,1,0,0,0,0,,,,,40.42553191489361,-0.2442308700883349,,,,,,,,,,,,
ボストン サイエンティフィック,BSX,2024-08-05,0,1,1,0,0,0,,,62.5,1.45245952488305,62.16216216216216,1.7405154606443691,,,,,,,,,,,,
ブリストル-マイヤーズ スクイブ,BMY,2024-08-05,0,0,0,0,0,0,,,,,,,,,,,,,,,,,39.285714285714285,-1.1040907048845232
ブロードコム,AVGO,2024-08-05,0,1,1,0,0,0,,,60.0,0.9437477801926256,52.27272727272727,3.1543647016279923,50.0,3.6365379529933737,,,,,,,,,,
ブロードリッジ ファイナンシャル ソリューションズ,BR,2024-08-05,0,0,0,0,0,0,,,,,,,,,36.84210526315789,-1.2235151815448495,,,,,,,58.69565217391305,1.1565568253958902
ブラウン ＆ ブラウン,BRO,2024-08-05,0,0,0,0,0,0,,,,,,,,,78.78787878787878,4.8434769227367065,,,,,,,73.07692307692307,5.091174386059183
ＣＨロビンソン ワールドワイド,CHRW,2024-08-05,0,0,0,0,0,0,,,,,,,,,,,,,,,,,,
ケイデンス デザイン システムズ,CDNS,2024-08-05,0,1,1,0,0,1,,,36.36363636363637,0.8195907127392539,52.27272727272727,2.414595713334862,59.09090909090909,1.5468103688114747,,,,,,,,,,
シーザーズ エンターテイメント,CZR,2024-08-05,0,1,0,0,0,0,,,,,51.02040816326531,0.5743304307813055,,,,,,,,,,,,
キャンベル スープ,CPB,2024-08-05,0,0,0,0,0,0,,,,,,,,,,,,,,,,,36.0,-1.2714224343376257
キャピタル ワン ファイナンシャル,COF,2024-08-05,0,1,1,0,0,0,,,66.66666666666666,1.2014189010310643,47.91666666666667,0.2854383729455998,,,,,,,,,,,,
カーディナル ヘルス,CAH,2024-08-05,0,0,0,0,0,0,,,73.33333333333333,3.5465237864595496,58.92857142857143,2.860681777509891,,,,,,,,,,,,
カーマックス,KMX,2024-08-05,0,1,0,0,0,0,,,,,30.55555555555556,-0.3812062425370745,,,,,,,,,,,,
カーニバル,CCL,2024-08-05,0,1,1,0,0,0,,,58.333333333333336,1.6509939874188997,34.78260869565217,-0.3589223761638975,,,,,,,,,,,37.03703703703704,-0.1822034363500432
キャリア グローバル,CARR,2024-08-05,0,1,0,0,0,1,,,,,54.54545454545454,3.290295169541952,27.27272727272727,-1.0509683677410373,,,,,,,,,,
キャタレント,CTLT,2024-08-05,0,0,0,0,0,0,,,,,,,,,,,,,,,,,60.60606060606061,0.8897521381492783
キャタピラー,CAT,2024-08-05,0,1,0,0,0,0,,,,,47.82608695652174,1.867355680623121,37.5,1.422132168327756,,,,,,,,,,
CBOE,CBOE,2024-08-05,0,0,0,0,0,0,,,,,,,45.16129032258064,0.0899955465818913,,,,,,,,,58.97435897435898,2.92911359707574
CBRE グループ,CBRE,2024-08-05,0,0,0,0,0,0,,,,,,,,,60.0,0.6354001008858436,,,,,,,59.375,0.7272268085610195
CDW,CDW,2024-08-05,0,1,1,0,0,1,,,44.44444444444444,0.9114596683729824,51.06382978723404,2.1568009147915523,64.0,1.394214530407173,,,,,,,,,,
セラニーズ,CE,2024-08-05,0,1,1,0,0,0,,,25.0,-0.3822910032539214,43.18181818181818,1.7540972949853808,36.84210526315789,0.6225767134382637,,,,,,,,,,
センティーン,CNC,2024-08-05,0,0,0,0,0,0,,,100.0,8.80564368393848,36.84210526315789,1.0617797151833894,27.77777777777778,-0.0784918745185679,,,,,,,,,36.36363636363637,-1.5548227329648103
センターポイント エナジー,CNP,2024-08-05,0,1,1,0,0,0,,,71.42857142857143,1.3105760342922996,52.38095238095239,0.9781428704955484,,,,,,,,,,,,
CFインダストリーズ ホールディングス,CF,2024-08-05,0,0,0,0,0,0,,,33.33333333333333,0.0275315516442134,28.30188679245283,-0.2673460668427986,,,,,,,,,,,,
チャールズ リバー ラボラトリーズ インターナショナル,CRL,2024-08-05,0,0,0,0,0,0,,,75.0,0.7856661295125013,,,15.0,-1.835977894732717,,,,,,,,,45.23809523809524,0.4650466850295149
チャールズシュワブ,SCHW,2024-08-05,0,1,1,0,0,1,,,33.33333333333333,0.6374210329408071,34.21052631578947,0.6512624355424348,31.818181818181817,0.2054290076330702,,,,,,,,,,
チャーター コミュニケーションズ,CHTR,2024-08-05,0,0,0,0,0,0,,,,,,,,,,,,,,,,,58.333333333333336,0.8238170687136848
シェブロン,CVX,2024-08-05,0,1,1,0,0,0,,,62.5,1.4333863528440036,42.85714285714285,0.2333808299507229,,,,,,,,,,,,
チポトレ メキシカン グリル,CMG,2024-08-05,0,0,0,0,0,1,,,87.5,3.743249538908723,51.16279069767442,3.329229648431634,67.85714285714286,4.095774197817484,,,,,,,,,,
チャブ,CB,2024-08-05,0,0,0,0,0,0,,,,,,,,,,,,,,,,,,
チャーチ アンド ドワイト,CHD,2024-08-05,0,0,0,0,0,0,,,87.5,3.235328563093638,,,,,,,,,,,,,,
シグナ グループ,CI,2024-08-05,0,1,0,0,0,0,,,33.33333333333333,0.1511763118990835,57.692307692307686,3.894933971337937,,,,,,,,,,,,
シンシナティ ファイナンシャル,CINF,2024-08-05,0,0,0,0,0,0,,,,,,,,,,,,,,,,,,
シンタス,CTAS,2024-08-05,0,0,0,0,0,1,,,,,,,75.0,3.877945481550012,,,,,,,,,,
シスコ システムズ,CSCO,2024-08-05,0,1,0,0,0,0,,,,,46.51162790697674,-0.0198107798321789,,,,,,,,,,,,
シティグループ,C,2024-08-05,0,1,1,0,0,0,,,33.33333333333333,-0.6371762955915953,56.81818181818182,1.4603218068744286,,,,,,,,,,,,
シチズンズ ファイナンシャル グループ,CFG,2024-08-05,0,1,0,0,0,0,,,,,50.0,2.461842376061275,,,,,,,,,,,34.375,-1.8206941713369864
クロロックス,CLX,2024-08-05,1,0,0,0,0,0,60.0,0.569021937574721,,,,,,,,,,,,,,,26.923076923076923,-2.617857771441913
CME グループ,CME,2024-08-05,0,0,0,0,0,0,,,,,,,20.0,-1.0691551847404306,,,,,,,,,,
CMS エナジー,CMS,2024-08-05,0,0,0,0,0,0,,,,,,,65.625,2.9755171427609706,,,,,,,,,,
コカ-コーラ,KO,2024-08-05,0,0,0,0,0,0,,,,,,,,,47.05882352941176,0.1007048847852191,,,,,,,47.82608695652174,0.2053380685447884
コグニザントテクノロジーソリューション A,CTSH,2024-08-05,0,0,0,0,0,0,,,,,,,,,,,,,,,,,,
コルゲート パルモリーブ,CL,2024-08-05,0,0,0,0,0,0,,,,,,,,,93.33333333333331,6.612003094881857,,,,,,,54.34782608695652,1.493979458471281
コムキャスト,CMCSA,2024-08-05,0,0,0,0,0,0,,,,,34.61538461538461,0.6599148742458527,20.0,-1.093334850836834,,,,,,,,,,
コメリカ,CMA,2024-08-05,0,0,0,0,0,0,,,,,,,,,,,,,,,,,,
コナグラ ブランズ,CAG,2024-08-05,0,0,0,0,0,0,,,,,,,40.0,-0.0356552046608055,,,,,,,,,17.391304347826086,-2.9858115468922666
コノコフィリップス,COP,2024-08-05,0,1,1,0,0,0,,,25.0,-0.0456557923721284,44.18604651162791,2.0859152183205723,,,,,,,,,,,,
コンソリデーテッド エジソン,ED,2024-08-05,0,0,0,0,0,0,,,66.66666666666666,0.7781572806282915,,,,,50.0,0.1767714687863182,,,,,,,50.0,0.9548805790296624
コンステレーション ブランズ A,STZ,2024-08-05,0,1,0,0,0,0,,,,,62.74509803921568,2.300103197584998,,,,,,,,,,,,
コパート,CPRT,2024-08-05,0,0,0,0,0,1,,,27.27272727272727,0.1241300575040175,,,61.90476190476191,3.2047423368950008,,,,,,,,,,
コーニング,GLW,2024-08-05,0,1,0,0,0,0,,,,,32.608695652173914,0.0597857116532027,,,,,,,,,,,,
コルテバ,CTVA,2024-08-05,0,1,0,0,0,0,,,,,50.0,2.5058943231651685,,,,,,,,,,,,
コストコ ホールセール,COST,2024-08-05,0,0,0,0,0,1,,,,,51.11111111111111,2.496593538780701,66.66666666666666,2.118730672201244,,,,,,,,,,
コテラ エナジー,CTRA,2024-08-05,0,1,1,0,0,1,,,25.0,-1.159069402925365,56.86274509803921,2.169532729019603,57.692307692307686,1.203188096703711,,,,,,,,,,
CCI,CCI,2024-08-05,0,0,0,0,0,0,,,,,,,,,,,,,,,,,33.33333333333333,-2.05084200765041
CSX,CSX,2024-08-05,0,1,0,0,0,0,,,,,65.21739130434783,2.535477824763059,,,,,,,,,,,,
カミンズ,CMI,2024-08-05,0,1,0,0,0,0,,,,,50.90909090909091,2.254264684066792,,,,,,,,,,,,
CVS ヘルス,CVS,2024-08-05,0,1,0,0,0,0,,,,,53.06122448979592,1.1239844595556243,,,,,,,,,,,,
DR ホートン,DHI,2024-08-05,0,0,0,0,0,0,,,,,,,,,,,,,,,,,,
ダナハー,DHR,2024-08-05,0,0,0,0,0,0,,,50.0,0.7046225373098102,48.93617021276596,0.6039219098993402,61.29032258064516,1.8139492151460888,,,,,,,,,,
ダーデン レストランツ,DRI,2024-08-05,0,0,0,0,0,1,,,,,,,33.33333333333333,0.2585456839615717,,,,,,,,,,
ダヴィータ,DVA,2024-08-05,0,0,0,0,0,0,,,,,,,,,,,,,,,,,,
ディア & カンパニー,DE,2024-08-05,0,1,1,0,0,1,,,66.66666666666666,1.6414714192772288,44.44444444444444,1.0485188477876255,54.83870967741935,1.4899701601677515,,,,,,,,,,
デルタ エア ラインズ,DAL,2024-08-05,0,1,1,0,0,1,,,37.5,-0.950409608151054,48.888888888888886,0.3215689353129199,38.46153846153847,-0.7828436272096738,,,,,,,,,,
デンツプライ シロナ,XRAY,2024-08-05,0,1,0,0,0,0,,,33.33333333333333,-0.3422261945978724,42.10526315789473,2.1228617607777918,,,,,,,,,,,,
デボン エナジー,DVN,2024-08-05,0,1,1,0,0,0,,,50.0,1.2367334147851028,41.30434782608695,1.4953687319298463,,,,,,,,,,,,
デクスコム,DXCM,2024-08-05,0,1,1,0,0,0,,,36.36363636363637,0.8043189837394721,38.46153846153847,1.047225432669206,24.0,-0.312119287310852,,,,,,,,,,
ダイヤモンドバック エナジー,FANG,2024-08-05,0,1,1,0,0,0,,,20.0,-0.7169639035883514,42.0,2.116995486618418,,,,,,,,,,,,
DLR,DLR,2024-08-05,0,0,0,0,0,0,,,,,56.00000000000001,1.7720676407965092,,,,,,,,,,,,
ディスカバー ファイナンシャル サービス,DFS,2024-08-05,0,1,0,0,0,0,,,,,57.49999999999999,1.113961753936849,,,,,,,,,,,,
ダラー ジェネラル,DG,2024-08-05,0,0,0,0,0,0,,,,,,,,,,,,,,,,,,
ダラー ツリー,DLTR,2024-08-05,0,1,1,0,0,0,,,25.0,0.3324150679413649,50.0,1.1366467125483,,,,,,,,,,,,
ドミニオン エナジー,D,2024-08-05,0,0,0,0,0,0,,,,,,,,,,,,,,,,,24.13793103448276,-3.703664363848638
ドミノ ピザ,DPZ,2024-08-05,0,0,0,0,0,0,,,45.45454545454545,0.9908730079132656,40.909090909090914,0.7920647315705164,45.0,1.1623195914616888,,,,,,,,,,
ドーバー,DOV,2024-08-05,0,1,0,0,0,0,,,,,47.82608695652174,1.934856841161224,,,,,,,,,,,,
ダウ,DOW,2024-08-05,0,1,1,0,0,0,,,42.85714285714285,0.8287464387311805,54.54545454545454,2.677868016638916,,,,,,,,,,,,
DTE エナジー,DTE,2024-08-05,0,0,0,0,0,0,,,,,,,,,,,,,,,,,,
デューク エナジー,DUK,2024-08-05,0,0,0,0,0,0,,,,,,,57.14285714285714,1.5575245552866823,42.85714285714285,-0.6335498226784056,,,,,,,41.02564102564102,-0.206015045857528
デュポン ド ヌムール,DD,2024-08-05,0,1,0,0,0,0,,,,,46.34146341463415,0.2191403868107154,,,,,,,,,,,,
DXCテクノロジー,DXC,2024-08-05,0,1,0,0,0,0,,,,,58.333333333333336,1.6155660647994563,,,,,,,,,,,,
イーストマンケミカル,EMN,2024-08-05,0,1,0,0,0,0,,,,,40.81632653061224,1.0820147643981028,,,,,,,,,,,,
イートン,ETN,2024-08-05,0,1,1,0,0,1,,,50.0,1.6990463337075694,48.0,2.580402756975748,36.66666666666666,1.0229311269006076,,,,,,,,,,
イーベイ,EBAY,2024-08-05,0,0,0,0,0,0,,,,,,,,,,,,,,,,,,
エコラボ,ECL,2024-08-05,0,0,0,0,0,0,,,,,,,,,,,,,,,,,,
エジソン インターナショナル,EIX,2024-08-05,0,0,0,0,0,0,,,,,,,39.130434782608695,-0.2329417612110628,23.07692307692308,-2.97062713988988,,,,,,,39.02439024390244,-1.681414453912654
エドワーズライフサイエンス,EW,2024-08-05,0,1,1,0,0,1,,,33.33333333333333,0.5769520547915336,44.18604651162791,0.4327336960540105,50.0,0.1981464999844645,,,,,,,,,48.64864864864865,0.2695747615894092
エレクトロニック アーツ,EA,2024-08-05,0,0,0,0,0,0,,,,,,,,,,,,,,,,,,
イーライ リリィ,LLY,2024-08-05,0,1,1,0,0,0,,,60.0,1.4374061303051655,61.70212765957447,4.499054902473195,,,,,,,,,,,,
エマソン エレクトリック,EMR,2024-08-05,0,1,0,0,0,0,,,,,45.83333333333333,1.6464366552780447,,,,,,,,,,,,
エンフェーズ エナジー,ENPH,2024-08-05,0,0,0,0,0,0,,,,,37.83783783783784,-0.5722625748568304,,,,,,,,,,,,
エンタジー,ETR,2024-08-05,0,0,0,0,0,0,,,,,,,66.66666666666666,1.9250960477637435,,,,,,,,,,
EOG リソーシズ,EOG,2024-08-05,0,0,0,0,0,0,,,,,,,,,,,,,,,,,,
エキファックス,EFX,2024-08-05,0,0,0,0,0,0,,,,,,,47.61904761904761,1.2535788865136368,,,,,,,,,,
EQIX,EQIX,2024-08-05,0,0,0,0,0,0,,,,,,,,,,,,,,,,,,
EQR,EQR,2024-08-05,0,0,0,0,0,0,,,,,,,,,14.285714285714285,-2.32775083789813,,,,,,,57.14285714285714,1.718563668822629
ESS,ESS,2024-08-05,0,0,0,0,0,0,,,,,,,,,54.54545454545454,0.5953751335272546,,,,,,,61.53846153846154,2.182334353104253
エスティ ローダー,EL,2024-08-05,0,1,1,0,0,1,,,30.0,-0.8777482715466677,36.36363636363637,-0.0851221058996741,12.0,-1.7404498945814704,,,,,,,,,,
エッツィ,ETSY,2024-08-05,0,1,0,0,0,0,,,,,45.23809523809524,-0.0207219801440114,,,,,,,,,,,,
エバジー,EVRG,2024-08-05,0,0,0,0,0,0,,,,,,,,,,,,,,,,,41.935483870967744,-0.7225872695056891
エバーソース エナジー,ES,2024-08-05,0,0,0,0,0,0,,,,,,,,,,,,,,,,,12.903225806451612,-6.377933797590674
エクセロン,EXC,2024-08-05,0,0,0,0,0,0,,,55.55555555555556,1.3568841571403465,,,,,,,,,,,,,45.94594594594595,1.6340147516573245
エクスペディア グループ,EXPE,2024-08-05,0,1,1,0,0,0,,,45.45454545454545,0.9220078680710992,44.73684210526316,1.152683483121624,,,,,,,,,,,,
エクスペディターズ インターナショナル オブ ワシントン,EXPD,2024-08-05,0,0,0,0,0,1,,,,,,,63.33333333333333,2.7807114323982387,,,,,,,,,,
EXR,EXR,2024-08-05,0,0,0,0,0,0,,,,,,,,,,,,,,,,,,
エクソン モービル,XOM,2024-08-05,0,0,0,0,0,0,,,,,,,,,,,,,,,,,,
F5,FFIV,2024-08-05,0,0,0,0,0,0,,,,,,,47.61904761904761,1.7220684251837872,,,,,,,,,,
ファスナル,FAST,2024-08-05,0,0,0,0,0,0,,,9.090909090909092,-3.0199555357677017,,,,,,,,,,,,,,
FRT,FRT,2024-08-05,0,0,0,0,0,0,,,,,,,,,,,,,,,,,,
フェデックス,FDX,2024-08-05,0,1,0,0,0,0,16.666666666666664,-0.6497551005536661,,,63.63636363636363,2.0755188497242005,,,,,,,,,,,,
フィデリティナショナルインフォメーションサービス,FIS,2024-08-05,0,0,0,0,0,0,,,,,,,37.5,0.162310315716871,,,,,,,,,,
フィフス サード バンコープ,FITB,2024-08-05,0,1,0,0,0,0,,,,,58.69565217391305,1.8429913800434103,,,,,,,,,,,,
ファーストエナジー,FE,2024-08-05,0,0,0,0,0,0,,,,,,,,,,,,,,,,,,
FISV,FISV,2024-08-02,0,0,0,0,0,0,,,,,,,,,,,,,,,,,,
FMC,FMC,2024-08-05,0,0,0,0,0,0,,,,,,,,,,,,,,,,,,
フォード モーター,F,2024-08-05,0,1,1,0,0,0,,,27.27272727272727,-0.4740827884433571,39.130434782608695,1.390484520491153,,,,,,,,,,,,
フォーティネット,FTNT,2024-08-05,0,0,1,0,0,0,,,40.0,0.067068123310296,,,,,,,,,,,,,,
フォーティブ,FTV,2024-08-05,0,1,1,0,0,0,,,18.181818181818183,-0.5959753453738399,48.97959183673469,1.0921810072285487,,,,,,,,,,,,
フォックス A,FOXA,2024-08-05,0,0,0,0,0,0,,,,,,,,,,,,,,,,,,
フォックス B,FOX,2024-08-05,0,0,0,0,0,0,,,,,,,,,,,,,,,,,,
フランクリン リソーシズ,BEN,2024-08-05,0,1,1,0,0,0,,,66.66666666666666,2.564561523578764,44.06779661016949,0.5495120673026096,,,,,,,,,,,,
フリーポート マクモラン,FCX,2024-08-05,0,1,1,0,0,1,,,60.0,1.898329734464717,41.66666666666667,1.501998832003156,47.82608695652174,1.8708061599091288,,,,,,,,,,
ギャップ,GPS,2024-08-05,0,0,0,0,0,0,,,,,,,31.25,0.5896851257141448,,,,,,,,,,
ガーミン,GRMN,2024-08-05,0,1,0,0,0,0,,,,,43.58974358974359,2.152347244952163,,,81.81818181818183,5.289762911924975,,,,,,,74.4186046511628,4.752056686511829
ガートナー,IT,2024-08-05,0,0,0,0,0,0,,,,,,,,,,,,,,,,,59.523809523809526,2.4336768065499035
ジェネラック ホールディングス,GNRC,2024-08-05,0,0,0,0,0,0,,,,,26.1904761904762,0.3862522385761578,,,,,,,,,,,,
ゼネラル ダイナミクス,GD,2024-08-05,0,0,0,0,0,0,,,,,,,60.0,2.300934475223486,,,,,,,,,,
ゼネラル エレクトリック,GE,2024-08-05,0,1,0,0,0,0,,,,,33.33333333333333,0.5552872887256443,,,84.375,7.351667667345832,,,,,,,71.69811320754717,6.625660587614991
ゼネラル ミルズ,GIS,2024-08-05,0,0,0,0,0,0,,,57.14285714285714,0.5331885931011966,64.15094339622641,3.3384620718749565,,,,,,,,,,,48.48484848484848,0.5527246171529091
ゼネラル モーターズ,GM,2024-08-05,0,1,1,0,0,0,,,40.0,0.4420535026983122,40.81632653061224,-0.3262246292030529,,,,,,,,,,,,
ジェニュイン パーツ,GPC,2024-08-05,0,0,0,0,0,0,,,33.33333333333333,-0.6071258088191002,45.28301886792453,1.1510314513590123,,,,,,,,,,,,
ギリアド サイエンシズ,GILD,2024-08-05,0,0,0,0,0,0,,,,,,,,,,,,,,,,,,
グローバル ペイメンツ,GPN,2024-08-05,0,1,0,0,0,0,,,,,35.55555555555556,0.3145937200623446,37.93103448275862,1.1200359610205175,,,,,,,,,,
グローブ ライフ,GL,2024-08-05,0,0,0,0,0,0,,,,,,,,,,,,,,,,,,
ゴールドマン サックス グループ,GS,2024-08-05,0,1,0,0,0,0,,,,,39.53488372093023,1.1858979884585268,,,,,,,,,,,,
ハリバートン,HAL,2024-08-05,0,1,1,0,0,0,,,71.42857142857143,1.1996791961851363,46.93877551020408,1.5049348761227157,,,,,,,,,,,,
ヘインズブランズ,HBI,2024-08-05,0,1,0,0,0,0,,,,,24.444444444444443,-0.0637326118888134,,,0.0,-5.728835479142217,,,,,,,21.052631578947366,-2.047221049780544
ハスブロ,HAS,2024-08-05,0,0,0,0,0,0,,,,,,,23.52941176470588,-1.5002843828745285,,,,,,,,,,
HCA ヘルスケア,HCA,2024-08-05,0,0,0,0,0,0,,,,,,,,,,,,,,,,,,
ヘンリー シャイン,HSIC,2024-08-05,0,0,0,0,0,0,,,70.0,2.587609379301405,60.0,3.651094128363984,,,,,,,,,,,,
ヘス,HES,2024-08-05,0,1,1,0,0,0,,,62.5,2.214008667996098,50.0,2.336109856788629,,,,,,,,,,,,
ヒューレット パッカード エンタープライズ,HPE,2024-08-05,0,1,1,0,0,1,,,62.5,0.8473775473272549,29.78723404255319,0.007270328008251,29.629629629629623,-0.0190104469573201,,,,,,,,,,
ヒルトン ワールドワイド ホールディングス,HLT,2024-08-05,0,1,1,0,0,0,,,50.0,1.182743320382787,67.3913043478261,3.2507137971614,,,,,,,,,,,,
ホロジック,HOLX,2024-08-05,0,0,0,0,0,0,,,,,,,,,,,,,,,,,40.625,-1.4706960141690202
ホーム デポ,HD,2024-08-05,0,0,0,0,0,0,,,,,,,,,,,,,,,,,,
ハネウェル インターナショナル,HON,2024-08-05,0,1,1,0,0,0,,,80.0,2.8635061550835865,44.230769230769226,1.1434449915020088,,,,,,,,,,,,
ホーメル フーズ,HRL,2024-08-05,0,0,0,0,0,0,,,,,,,41.17647058823529,0.8141057675511807,,,,,,,,,11.11111111111111,-3.279833670482541
HST,HST,2024-08-05,0,1,1,0,0,0,,,80.0,1.572950870776042,57.14285714285714,2.3101556155536898,,,,,,,,,,,,
ハウメット エアロスペース,HWM,2024-08-05,0,0,0,0,0,0,,,,,,,34.48275862068966,0.6116364179320115,,,,,,,,,,
HP,HPQ,2024-08-05,0,1,1,0,0,0,,,100.0,43.64860251679066,68.08510638297872,3.4055807790781456,,,,,,,,,,,,
ヒューマナ,HUM,2024-08-05,0,1,0,0,0,0,,,,,54.0,0.922664376453213,,,,,,,,,,,,
ハンチントン バンクシェアーズ,HBAN,2024-08-05,0,1,0,0,0,0,,,,,41.46341463414634,-0.2575978130084277,,,,,,,,,,,32.35294117647059,-1.20003678587405
ハンティントン インガルス インダストリーズ,HII,2024-08-05,0,1,0,0,0,0,,,,,55.55555555555556,3.0248133269865884,,,,,,,,,,,,
インターナショナル ビジネス マシーンズ,IBM,2024-08-05,0,0,0,0,0,0,,,,,,,,,,,,,,,,,,
アイデックス,IEX,2024-08-05,0,1,1,0,0,0,,,9.090909090909092,-1.246134688010216,43.75,1.4494298551998126,,,,,,,,,,,,
アイデックス ラボラトリーズ,IDXX,2024-08-05,0,0,1,0,0,0,,,62.5,1.0870190863186204,,,14.285714285714285,-1.4769924325691726,,,,,,,,,,
イリノイ ツール ワークス,ITW,2024-08-05,0,0,0,0,0,0,,,,,,,,,,,,,,,,,,
イルミナ,ILMN,2024-08-05,0,0,0,0,0,0,,,,,,,,,,,,,,,,,,
インサイト,INCY,2024-08-05,0,1,0,0,0,0,,,,,43.39622641509434,0.3327213936400906,,,,,,,,,,,,
インガーソール ランド,IR,2024-08-05,0,1,1,0,0,0,,,62.5,0.8834864433775405,53.333333333333336,2.909715575100721,,,,,,,,,,,,
インテル,INTC,2024-08-05,0,1,1,0,0,0,,,50.0,0.5673040418811793,31.11111111111111,0.1795716620331255,,,,,,,,,,,,
インターコンチネンタル エクスチェンジ,ICE,2024-08-05,0,0,0,0,0,0,,,,,,,,,42.85714285714285,-0.2613619370762945,,,,,,,55.26315789473685,0.441428931483307
インターナショナルフレーバーアンドフレグランス,IFF,2024-08-05,0,0,0,0,0,0,,,,,,,,,,,,,,,,,,
インターナショナル ペーパー,IP,2024-08-05,0,1,0,0,0,0,,,,,48.97959183673469,1.7241083340831311,,,,,,,,,,,,
インターパブリック グループ,IPG,2024-08-05,0,1,0,0,0,0,,,100.0,7.845796400396982,62.74509803921568,2.043711123958617,,,,,,,,,,,46.875,0.8211614207007629
インテュイット,INTU,2024-08-05,0,0,0,0,0,0,,,,,,,,,,,,,,,,,,
インテュイティブ サージカル,ISRG,2024-08-05,0,0,0,0,0,0,,,,,,,,,60.86956521739131,0.9375143466600758,,,,,,,71.42857142857143,4.12957786320578
インベスコ,IVZ,2024-08-05,0,1,0,0,0,0,,,,,27.659574468085108,-0.8264404730519582,,,,,,,,,,,,
IPG フォトニクス,IPGP,2024-08-05,0,1,1,0,0,1,,,22.22222222222222,-1.614083947306101,44.73684210526316,-0.0884788932058551,58.620689655172406,0.975215690242502,,,,,,,,,,
IQVIAホールディングス,IQV,2024-08-05,0,0,0,0,0,0,,,66.66666666666666,1.7225520889988306,,,26.08695652173913,-0.2354126817478654,,,,,,,,,40.0,-0.5618174719875101
IRM,IRM,2024-08-05,0,0,0,0,0,0,,,,,,,,,65.21739130434783,2.8106007010513894,,,,,,,68.88888888888889,3.034341368594254
JB ハント トランスポート サービシズ,JBHT,2024-08-05,0,1,0,0,0,0,,,,,64.28571428571429,2.5826828744068075,,,,,,,,,,,,
ジャック ヘンリー アンド アソシエーツ,JKHY,2024-08-05,0,0,0,0,0,0,,,,,,,,,,,,,,,,,,
ジェイコブズ ソリューションズ,J,2024-08-05,0,1,0,0,0,0,,,,,57.14285714285714,1.359968057143977,,,,,,,,,,,,
JM スマッカー,SJM,2024-08-05,0,0,0,0,0,0,,,,,,,,,,,,,,,,,,
ジョンソン & ジョンソン,JNJ,2024-08-05,0,0,0,0,0,0,,,,,,,,,,,,,,,,,16.129032258064516,-6.089338287645245
ジョンソンコントロールズインターナショナル,JCI,2024-08-05,0,1,0,0,0,0,,,,,36.53846153846153,0.2549242348786253,27.27272727272727,0.0294908879588276,,,,,,,,,,
JPモルガン チェース,JPM,2024-08-05,0,1,0,0,0,0,,,,,54.71698113207547,2.968901045869784,,,,,,,,,,,,
ジュニパー ネットワークス,JNPR,2024-08-05,0,0,0,0,0,0,,,,,,,,,66.66666666666666,0.4303231272804455,,,,,,,58.82352941176471,1.232888868236808
ケラノバ,K,2024-08-05,0,0,0,1,1,0,,,,,,,39.285714285714285,0.2227509045653997,66.66666666666666,1.1820109407838215,,,,,,,47.61904761904761,-0.4134123468369948
キーコープ,KEY,2024-08-05,0,1,0,0,0,0,,,,,53.191489361702125,2.294619878433141,,,,,,,,,,,,
キーサイト テクノロジー,KEYS,2024-08-05,0,1,1,0,0,0,,,20.0,-0.811300841588292,44.0,1.5172331768007177,48.38709677419355,-0.0892546662668538,,,,,,,,,,
キンバリー-クラーク,KMB,2024-08-05,0,0,0,0,0,0,,,,,47.16981132075472,0.0198915948103438,,,,,,,,,,,,
KIM,KIM,2024-08-05,0,0,0,0,0,0,,,,,,,,,,,,,,,,,,
キンダー モーガン,KMI,2024-08-05,0,1,0,0,0,0,,,,,48.07692307692308,1.4347686165883506,,,57.14285714285714,0.2125575013214564,,,,,,,44.44444444444444,-0.353991848816628
KLA,KLAC,2024-08-05,0,1,1,0,0,0,,,57.14285714285714,0.4417200949895112,35.714285714285715,1.243504483117289,61.90476190476191,3.303365124600031,,,,,,,,,,
クラフト ハインツ,KHC,2024-08-05,0,0,0,0,0,0,,,50.0,0.7084114126029872,,,32.142857142857146,0.8263440000869932,,,,,,,,,22.857142857142858,-3.2282441528449866
クローガー,KR,2024-08-05,0,0,0,0,0,0,,,60.0,0.9044500760347528,,,58.97435897435898,2.1420884977573182,,,,,,,,,,
L3ハリス テクノロジーズ,LHX,2024-08-05,0,0,0,0,0,0,,,,,,,,,,,,,,,,,,
ラボラトリー コーポレーション オブ アメリカ ホールディングス,LH,2024-08-05,0,0,0,0,0,0,,,,,,,,,66.66666666666666,0.9884134511086516,,,,,,,52.5,0.3369508584950639
ラム リサーチ,LRCX,2024-08-05,0,1,1,0,0,1,,,60.0,0.4145435397126765,42.5531914893617,1.623773733198435,46.66666666666666,1.8129327434776223,,,,,,,,,,
ラム ウェストン ホールディングス,LW,2024-08-05,0,1,1,0,0,0,,,0.0,-3.1834262351696347,42.10526315789473,0.0856604759284888,,,,,,,,,,,,
ラスベガス サンズ,LVS,2024-08-05,0,1,1,0,0,0,,,50.0,0.5045469142124138,42.85714285714285,1.8442173749074724,,,,,,,,,,,,
レゲット アンド プラット,LEG,2024-08-05,0,0,0,0,0,0,,,27.27272727272727,-1.9550094070517705,20.930232558139537,-0.1148624876008103,,,,,,,,,,,,
レイドス ホールディングス,LDOS,2024-08-05,0,1,0,0,0,0,,,,,33.33333333333333,0.4460736674149056,,,92.3076923076923,6.825747594674205,,,,,,,61.90476190476191,2.967854140984453
レナー A,LEN,2024-08-05,0,0,0,0,0,0,,,50.0,1.0416414659190167,,,,,,,,,,,,,,
リンカーン ナショナル,LNC,2024-08-05,0,1,0,0,0,0,,,,,65.9090909090909,2.505883906947316,,,,,,,,,,,,
リンデ,LIN,2024-08-05,0,0,0,0,0,0,,,,,,,,,,,,,,,,,,
ライブ ネイション エンターテインメント,LYV,2024-08-05,0,1,0,0,0,0,,,,,68.0,3.298622219154053,,,,,,,,,,,,
LKQ,LKQ,2024-08-05,0,1,0,0,0,0,,,,,62.7906976744186,1.7261201576182457,,,,,,,,,,,,
ロッキード マーチン,LMT,2024-08-05,0,0,0,0,0,0,,,,,,,,,,,,,,,,,40.625,-0.4056255394620141
ロウズ,L,2024-08-05,0,1,0,0,0,0,,,,,69.38775510204081,3.511832950760293,,,,,,,,,,,,
ロウズ カンパニーズ,LOW,2024-08-05,0,0,0,0,0,0,,,27.27272727272727,-0.2276253056684479,,,,,,,,,,,,,,
ルーメン テクノロジーズ,LUMN,2024-08-05,0,0,0,0,0,0,,,,,,,,,,,,,,,,,21.052631578947366,-1.8646302572667373
ライオンデルバセル・インダストリーズ,LYB,2024-08-05,0,1,0,0,0,0,,,,,55.10204081632652,2.738411586814205,,,,,,,,,,,,
Ｍ＆Ｔバンク,MTB,2024-08-05,0,1,0,0,0,0,,,,,51.11111111111111,2.588376125292786,,,,,,,,,,,,
マラソン オイル,MRO,2024-08-05,0,0,1,0,0,0,,,42.85714285714285,1.497619380974481,,,,,,,,,,,,,,
マラソン ペトロレアム,MPC,2024-08-05,0,1,1,0,0,0,,,72.72727272727273,3.190198394310188,44.89795918367347,1.5221163931232928,,,,,,,,,,,,
マーケットアクセス ホールディングス,MKTX,2024-08-05,0,0,0,0,0,0,,,,,,,,,,,,,,,,,44.44444444444444,-0.6700070378799803
マリオット インターナショナル,MAR,2024-08-05,0,1,1,0,0,1,,,100.0,7.562266963982205,52.17391304347826,2.869192594672884,50.0,1.873648070387176,,,,,,,,,,
マーシュ アンド マクレナン,MMC,2024-08-05,0,0,0,0,0,0,,,,,,,,,,,,,,,,,,
マーチン マリエッタ マテリアルズ,MLM,2024-08-05,0,0,0,0,0,0,,,40.0,0.6971026704402958,46.42857142857143,2.768060627202736,,,,,,,,,,,,
マスコ,MAS,2024-08-05,0,0,0,0,0,0,,,20.0,-0.8671877089371814,,,,,,,,,,,,,44.73684210526316,0.0137128240884219
マスターカード,MA,2024-08-05,0,0,0,0,0,0,,,,,,,,,,,,,,,,,,
マッチ グループ,MTCH,2024-08-05,0,0,0,0,0,0,,,,,,,,,,,,,,,,,,
マコーミック-議決権なし,MKC,2024-08-05,0,0,0,0,0,0,,,,,,,,,,,,,,,,,37.5,-1.2863818643952698
マクドナルド,MCD,2024-08-05,0,0,0,0,0,0,,,66.66666666666666,1.907770703705991,,,,,,,,,,,,,43.58974358974359,-1.7732008916194784
マケッソン,MCK,2024-08-05,0,0,0,0,0,0,,,,,,,,,,,,,,,,,,
メドトロニック,MDT,2024-08-05,0,0,0,0,0,0,,,30.76923076923077,-0.2271350466741259,,,,,,,,,,,,,,
メルク,MRK,2024-08-05,0,1,1,0,0,1,,,80.0,2.4117434679651764,62.74509803921568,2.6098368665525498,50.0,1.827432332073492,,,,,,,,,,
メットライフ,MET,2024-08-05,0,1,1,0,0,0,,,50.0,1.1806986694203132,66.66666666666666,3.679190006366407,,,,,,,,,,,,
メトラー-トレド インターナショナル,MTD,2024-08-05,0,0,0,0,0,1,,,,,,,36.0,0.558326601438414,,,,,,,,,,
ＭＧＭリゾーツ インターナショナル,MGM,2024-08-05,0,1,1,0,0,0,,,80.0,2.3227578354585208,54.0,1.473175749832533,,,,,,,,,,,43.75,0.2089237006618222
マイクロチップ テクノロジー,MCHP,2024-08-05,0,1,1,0,0,0,,,100.0,9.608116014087004,53.44827586206896,2.8768562845431727,,,,,,,,,,,,
マイクロン テクノロジー,MU,2024-08-05,0,1,1,0,0,1,,,42.85714285714285,0.6828435440221267,45.83333333333333,2.0117918862870354,65.51724137931035,3.803118943784013,,,,,,,,,,
マイクロソフト,MSFT,2024-08-05,0,1,1,0,0,1,50.0,0.8625290042001685,41.37931034482759,1.5663435104762615,71.42857142857143,7.543692519313557,81.25,5.331108520573193,70.27027027027027,3.0145611157731245,66.66666666666666,3.931073616735936,74.8502994011976,7.961945575340485,65.0,4.342181091723664,71.66666666666667,4.775016495551176
MAA,MAA,2024-08-05,0,0,0,0,0,0,,,,,,,,,,,,,,,,,63.888888888888886,3.426150202115578
モデルナ,MRNA,2024-08-05,0,1,1,0,0,1,,,12.5,-0.000197525281791,29.78723404255319,-0.9436325613288776,23.07692307692308,0.4298554489652952,,,,,,,,,,
モホーク インダストリーズ,MHK,2024-08-05,0,0,0,0,0,0,,,,,,,,,64.28571428571429,1.3538114822827625,,,,,,,57.57575757575758,1.408381096927895
モルソン クアーズ ビバレッジ B,TAP,2024-08-05,0,0,0,0,0,0,,,,,,,,,,,,,,,,,,
モンデリーズ インターナショナル,MDLZ,2024-08-05,0,0,0,0,0,0,,,,,,,,,,,,,,,,,39.39393939393939,-0.6328449258608915
モノリシック パワー システムズ,MPWR,2024-08-05,0,0,0,0,0,0,,,,,,,,,,,,,,,,,,
モンスター ビバレッジ,MNST,2024-08-05,0,0,0,0,0,0,,,60.0,1.1682638381548134,,,,,,,,,,,,,,
ムーディーズ,MCO,2024-08-05,0,0,0,0,0,0,,,,,,,,,,,,,,,,,,
モルガン スタンレー,MS,2024-08-05,0,1,1,0,0,0,,,20.0,-0.709354099374888,60.46511627906976,2.1625339385667224,,,,,,,,,,,,
モトローラ ソリューションズ,MSI,2024-08-05,0,0,0,0,0,0,,,,,,,,,75.55555555555556,5.298325889674932,,,,,,,74.19354838709677,5.268318003448508
MSCI,MSCI,2024-08-05,0,0,0,0,0,0,,,,,,,,,,,,,,,,,50.0,0.431393134355981
ナスダック,NDAQ,2024-08-05,0,0,0,0,0,0,,,,,,,48.0,0.1568582987191328,,,,,,,,,,
ネットアップ,NTAP,2024-08-05,0,1,1,0,0,0,,,40.0,0.4457564344068904,56.52173913043478,3.309696282486112,,,,,,,,,,,,
ネットフリックス,NFLX,2024-08-05,0,0,1,0,0,1,,,70.0,1.5060812059653186,,,60.0,2.16794040632041,,,,,,,,,,
ニューウェル ブランズ,NWL,2024-08-05,0,0,0,0,0,0,,,0.0,-6.350765351633261,47.22222222222222,0.6390738833644737,45.83333333333333,0.4106894032955585,,,,,,,,,29.629629629629623,-1.887567769569508
ニューモント,NEM,2024-08-05,0,0,0,0,0,0,,,,,,,,,,,,,,,,,,
ニューズ コーポレーション A,NWSA,2024-08-05,0,1,1,0,0,0,,,60.0,1.0489270108506756,30.0,0.0381468997492989,37.03703703703704,0.7132550437533972,,,,,,,,,,
ニューズ コーポレーション B,NWS,2024-08-05,0,1,0,0,0,1,,,,,50.0,0.2729950783028383,55.88235294117647,1.3519328944770537,,,,,,,,,,
ネクステラ エナジー,NEE,2024-08-05,0,0,0,0,0,0,,,,,,,,,,,,,,,,,22.727272727272727,-3.081235469151105
ナイキ,NKE,2024-08-05,0,0,0,0,0,0,,,12.5,-1.298902034316077,42.85714285714285,-0.2424716703195672,,,,,,,,,,,,
ナイソース,NI,2024-08-05,0,0,0,0,0,0,,,,,,,53.333333333333336,0.8788879150042832,,,,,,,,,,
ノーフォーク サザン,NSC,2024-08-05,0,0,0,0,0,0,,,55.55555555555556,0.7263880032308908,40.42553191489361,0.8421734688634642,,,,,,,,,,,29.629629629629623,-2.6783834496857186
ノーザン トラスト,NTRS,2024-08-05,0,1,0,0,0,0,,,,,44.44444444444444,1.6536445258351746,,,,,,,,,,,,
ノースロップ グラマン,NOC,2024-08-05,0,0,0,0,0,0,33.33333333333333,0.2626968042515468,,,,,67.74193548387096,2.892944958511766,,,,,,,,,44.0,0.0266000095914926
ノルウェージャン・クルーズ・ライン・ホールディングス,NCLH,2024-08-05,0,1,1,0,0,0,,,100.0,3.249999751647322,39.53488372093023,0.7753332512663635,,,,,,,,,,,,
NRG エナジー,NRG,2024-08-05,0,1,1,0,0,0,,,100.0,10.417734090012408,39.53488372093023,0.8103247696798594,52.17391304347826,2.446977711218238,,,,,,,,,,
ニューコア,NUE,2024-08-05,0,1,0,0,0,0,,,,,33.33333333333333,0.4276945438470838,,,,,,,,,,,,
エヌビディア,NVDA,2024-08-05,0,1,1,0,0,1,,,23.07692307692308,-0.9970428866317722,33.9622641509434,0.7862835048978237,50.0,0.6436024030671049,,,,,,,,,,
NVR,NVR,2024-08-05,0,0,0,0,0,0,,,,,,,,,,,,,,,,,,
NXP セミコンダクターズ,NXPI,2024-08-05,0,1,1,0,0,0,,,85.71428571428571,3.147443612681515,52.94117647058824,2.871650741551636,,,,,,,,,,,,
オライリー オートモーティブ,ORLY,2024-08-05,0,0,0,0,0,0,,,,,,,,,,,,,,,,,,
オクシデンタル ペトロリアム,OXY,2024-08-05,0,1,1,0,0,0,,,14.285714285714285,-0.4588718862813436,33.33333333333333,0.951959313897553,,,,,,,,,,,,
オールド ドミニオン フレイト ライン,ODFL,2024-08-05,0,0,0,0,0,0,,,,,,,,,,,,,,,,,,
オムニコム グループ,OMC,2024-08-05,0,1,0,0,0,0,,,,,51.11111111111111,1.0604276523705485,,,,,,,,,,,,
ワンオーク,OKE,2024-08-05,0,1,1,0,0,0,,,83.33333333333334,2.2533013344798394,41.66666666666667,0.3192052047601639,,,,,,,,,,,,
オラクル,ORCL,2024-08-05,0,1,0,0,0,0,,,,,53.06122448979592,1.9423492693531668,,,,,,,,,,,,
オルガノン,OGN,2024-08-05,0,1,0,0,0,0,,,,,23.07692307692308,-0.4749841028856034,,,,,,,,,,,,
オーチス ワールドワイド,OTIS,2024-08-05,0,0,0,0,0,0,,,,,43.18181818181818,1.436308204399386,,,,,,,,,,,,
パッカー,PCAR,2024-08-05,0,1,1,0,0,0,,,44.44444444444444,0.3912732088667929,58.490566037735846,4.29447439445593,42.10526315789473,1.929838550392076,,,,,,,,,,
パッケージング コープ オブ アメリカ,PKG,2024-08-05,0,0,0,0,0,0,,,,,,,,,,,,,,,,,,
パーカーハネフィン,PH,2024-08-05,0,1,0,0,0,0,,,66.66666666666666,1.1494613977921713,50.98039215686274,2.467683895764471,,,,,,,,,,,,
ペイチェックス,PAYX,2024-08-05,0,0,0,0,0,0,,,77.77777777777779,1.3601423041380545,64.58333333333334,3.181887666921207,,,,,,,,,,,,
ペイコム ソフトウェア,PAYC,2024-08-05,0,0,0,0,0,0,,,,,,,,,,,,,,,,,44.44444444444444,0.7095369608309031
ペイパル ホールディングス,PYPL,2024-08-05,0,0,0,0,0,0,,,,,,,,,,,,,,,,,,
ペン エンターテインメント,PENN,2024-08-05,0,1,0,0,0,0,,,,,47.16981132075472,0.0206735418586796,,,,,,,,,,,,
ペンテア,PNR,2024-08-05,0,1,0,0,0,0,,,,,45.76271186440678,2.572351333971147,,,66.66666666666666,0.4076770630458845,,,,,,,53.84615384615385,1.2015302651689608
ペプシコ,PEP,2024-08-05,0,0,0,0,0,0,,,87.5,2.5588972865980897,,,71.875,3.261697358375597,,,,,,,,,21.428571428571427,-3.436559411824738
ファイザー,PFE,2024-08-05,0,0,0,0,0,0,,,,,,,,,,,,,,,,,,
フィリップ モリス インターナショナル,PM,2024-08-05,0,0,0,0,0,0,,,,,,,,,46.15384615384615,0.1564793003188173,,,,,,,45.71428571428572,-0.4324356588235523
フィリップス 66,PSX,2024-08-05,0,1,0,0,0,0,,,,,34.04255319148936,1.7228699053956866,,,,,,,,,,,,
ピナクル ウエスト キャピタル,PNW,2024-08-05,0,0,0,0,0,0,,,,,,,,,,,,,,,,,,
PXD,PXD,2024-05-02,0,0,0,0,0,0,,,,,,,,,,,,,,,,,,
ＰＮＣファイナンシャルサービシズグループ,PNC,2024-08-05,0,1,0,0,0,0,,,,,36.36363636363637,0.9358700473048788,,,,,,,,,,,,
プール,POOL,2024-08-05,0,0,0,0,0,0,,,50.0,0.1896817363554332,38.59649122807017,1.2503173626787925,36.36363636363637,-0.1266899588369529,,,,,,,,,55.172413793103445,0.9966370792233608
ＰＰＧインダストリーズ,PPG,2024-08-05,0,1,1,0,0,0,,,42.85714285714285,0.2030876112726497,52.0,1.3119692417568127,,,,,,,,,,,,
ピーピーエル,PPL,2024-08-05,0,0,0,0,0,0,,,,,,,20.833333333333336,-2.1295656277691744,33.33333333333333,-0.8026077384996763,,,,,,,37.93103448275862,-2.073554708105102
プリンシパル ファイナンシャル グループ,PFG,2024-08-05,0,1,1,0,0,0,,,66.66666666666666,2.20570538144757,46.0,2.278260267897681,50.0,1.5220423868801698,,,,,,,,,,
プロクター & ギャンブル,PG,2024-08-05,0,0,0,0,0,0,,,,,,,,,,,,,,,,,,
プログレッシブ,PGR,2024-08-05,0,0,0,0,0,0,,,,,,,,,,,,,,,,,,
PLD,PLD,2024-08-05,0,0,0,0,0,0,,,,,,,,,,,,,,,,,,
プルデンシャル ファイナンシャル,PRU,2024-08-05,0,1,1,0,0,0,,,50.0,0.8880390205862646,68.75,3.139811089671121,,,,,,,,,,,,
PTC,PTC,2024-08-05,0,1,1,0,0,0,,,66.66666666666666,0.7220214386774008,54.71698113207547,3.055894089501268,,,,,,,,,,,,
ＰＳＥＧ,PEG,2024-08-05,0,0,0,0,0,0,,,,,,,,,,,,,,,,,,
PSA,PSA,2024-08-05,0,0,0,0,0,0,,,,,,,,,,,,,,,,,,
パルト グループ,PHM,2024-08-05,0,0,0,0,0,0,,,100.0,9.58421927841117,,,,,66.66666666666666,2.8549012637336784,,,,,,,70.2127659574468,4.1933371685883385
PVH,PVH,2024-08-05,0,1,1,0,0,1,,,33.33333333333333,-0.1283239012087935,52.27272727272727,0.9196633704090196,60.0,2.312792958249308,,,,,,,,,,
コルボ,QRVO,2024-08-05,0,1,0,0,0,0,,,,,34.54545454545455,0.1992320666469317,,,,,,,,,,,,
クアルコム,QCOM,2024-08-05,0,1,1,0,0,0,,,72.72727272727273,2.88395271802238,36.84210526315789,0.717053992883431,,,,,,,,,,,,
クアンタ サービシーズ,PWR,2024-08-05,0,1,1,0,0,0,,,85.71428571428571,3.2046271913828472,48.0,3.236348918086448,45.16129032258064,2.6596837458636617,,,,,,,,,,
クエスト ダイアグノスティクス,DGX,2024-08-05,0,0,0,0,0,0,,,,,53.65853658536586,1.7624018995866244,,,,,,,,,,,,
ラルフ ローレン,RL,2024-08-05,0,1,1,0,0,1,,,83.33333333333334,2.085498142270632,59.61538461538461,2.17585013018664,51.85185185185185,1.069127996894636,,,,,,,,,,
レイモンド ジェームズ ファイナンシャル,RJF,2024-08-05,0,1,1,0,0,0,,,50.0,0.8279283571871899,60.78431372549019,3.722783662977998,,,,,,,,,,,,
レイセオン テクノロジーズ,RTX,2024-08-05,0,0,0,0,0,0,,,,,,,,,,,,,,,,,,
O,O,2024-08-05,0,0,0,0,0,0,,,,,,,,,,,,,,,,,35.0,-1.5095744781086615
REG,REG,2024-08-05,0,0,0,0,0,0,,,,,,,,,25.0,-1.1076563337789496,,,,,,,48.57142857142857,-0.1768180601063715
リジェネロン ファーマシューティカルズ,REGN,2024-08-05,0,0,0,0,0,0,,,,,,,,,,,,,,,,,,
リジョンズ ファイナンシャル,RF,2024-08-05,0,1,0,0,0,0,,,,,57.407407407407405,1.5603919665507164,,,,,,,,,,,,
リパブリック サービシズ,RSG,2024-08-05,0,0,0,0,0,0,,,,,72.54901960784314,4.392749799784889,,,,,,,,,,,,
レスメド,RMD,2024-08-05,0,0,0,0,0,0,,,,,48.888888888888886,0.183131367275491,,,,,,,,,,,48.57142857142857,-0.1590096729734247
ロバート ハーフ,RHI,2024-08-05,0,0,0,0,0,0,,,,,,,,,,,,,,,,,,
ロックウェル オートメーション,ROK,2024-08-05,0,1,0,0,0,0,,,,,38.775510204081634,0.333400102437983,,,,,,,,,,,,
ローリンズ,ROL,2024-08-05,0,0,0,0,0,0,,,,,54.71698113207547,1.4313028091421272,77.77777777777779,4.6292726334661545,30.0,-2.1140254850865308,,,,,,,47.368421052631575,0.1263810977764472
ローパー テクノロジーズ,ROP,2024-08-05,0,1,1,0,0,0,,,70.0,1.5601111666460812,60.41666666666666,2.144342043959163,,,28.57142857142857,-0.1054658238956101,,,,,,,52.5,1.4168169325123727
ロス ストアーズ,ROST,2024-08-05,0,1,0,0,0,1,,,,,55.76923076923077,1.7567819070674202,52.38095238095239,1.909094641379608,,,,,,,,,,
ロイヤル カリビアン クルーズ,RCL,2024-08-05,0,1,1,0,0,0,,,50.0,1.5690448848916858,37.5,1.008687792702569,,,,,,,,,,,,
S&P グローバル,SPGI,2024-08-05,0,0,0,0,0,0,,,,,,,,,42.85714285714285,0.1331028889912453,,,,,,,61.70212765957447,1.954984628592247
セールスフォース,CRM,2024-08-05,0,1,0,0,0,0,,,,,52.083333333333336,0.6594345977097239,,,,,,,,,,,,
SBAC,SBAC,2024-08-05,0,0,0,0,0,0,,,,,,,,,,,,,,,,,32.35294117647059,-0.8256525668119801
シュルンベルジェ,SLB,2024-08-05,0,1,1,0,0,0,,,50.0,0.6497406203905061,46.80851063829788,1.9262238395805549,,,,,,,,,,,,
シーゲイト テクノロジー ホールディングス,STX,2024-08-05,0,1,1,0,0,0,,,27.27272727272727,0.2431411615487705,34.61538461538461,0.985299563288056,,,,,,,,,,,,
シールド エアー,SEE,2024-08-05,0,1,0,0,0,0,,,,,37.25490196078432,0.4120237031178935,26.923076923076923,-0.464052601167119,,,,,,,,,,
センプラ エナジー,SRE,2024-08-05,0,0,0,0,0,0,,,,,,,,,25.0,-0.8696829593787605,,,,,,,34.48275862068966,-0.707955834831711
サービスナウ,NOW,2024-08-05,0,0,0,0,0,0,,,,,,,,,,,,,,,,,,
シャーウィン ウィリアムズ,SHW,2024-08-05,0,0,0,0,0,0,,,,,,,,,63.1578947368421,1.490662223215686,,,,,,,64.44444444444444,2.9983906748990288
SPG,SPG,2024-08-05,0,0,0,0,0,0,,,,,,,,,,,,,,,,,,
スカイワークス ソリューションズ,SWKS,2024-08-05,0,1,0,0,0,0,,,,,30.508474576271187,0.7518117228920079,,,,,,,,,,,,
スナップオン,SNA,2024-08-05,0,0,0,0,0,0,,,50.0,0.6139309638590296,,,,,,,,,,,,,,
サザン,SO,2024-08-05,0,0,0,0,0,0,,,,,,,,,38.46153846153847,-0.4084203324344741,,,,,,,27.027027027027028,-0.9230339699795558
サウスウエスト エアラインズ,LUV,2024-08-05,0,1,0,0,0,0,,,,,24.489795918367346,0.336617168194831,,,,,,,,,,,,
スタンレー ブラック＆デッカー,SWK,2024-08-05,0,0,0,0,0,0,,,,,,,,,,,,,,,,,44.0,-0.4389883381728593
スターバックス,SBUX,2024-08-05,0,0,0,0,0,0,,,,,,,35.0,-1.3455393009730865,,,,,,,,,,
ステート ストリート,STT,2024-08-05,0,1,0,0,0,0,,,,,51.11111111111111,2.2498035438346045,,,,,,,,,,,,
ステリス,STE,2024-08-05,0,0,0,0,0,0,,,,,,,76.92307692307693,3.8756574742595657,,,,,,,,,41.02564102564102,-1.1148629918296864
ストライカー,SYK,2024-08-05,0,1,1,0,0,0,,,57.14285714285714,1.4756427173357434,51.21951219512195,3.256021786420764,,,,,,,,,,,,
シンクロニー ファイナンシャル,SYF,2024-08-05,0,1,0,0,0,0,,,,,45.09803921568628,1.9648568620945508,,,,,,,,,,,,
シノプシス,SNPS,2024-08-05,0,1,1,0,0,0,,,50.0,0.9964939662978372,42.85714285714285,1.246586598101981,,,,,,,,,,,,
シスコ,SYY,2024-08-05,0,0,0,0,0,0,,,,,,,,,,,,,,,,,,
Tモバイル US,TMUS,2024-08-05,0,0,0,0,0,0,,,,,66.66666666666666,4.866459433942074,,,50.0,0.8759331115092589,,,,,,,61.29032258064516,2.7104879912954485
T ロウ プライス グループ,TROW,2024-08-05,0,1,1,0,0,0,,,12.5,-1.3978721567458017,42.0,-0.2835090314694047,,,,,,,,,,,,
テイクツー インタラクティブ ソフトウエア,TTWO,2024-08-05,0,1,1,0,0,0,,,55.55555555555556,0.5005397014871262,30.612244897959183,0.5573700486798627,,,,,,,,,,,,
タペストリー,TPR,2024-08-05,0,1,1,0,0,1,,,37.5,0.7205294528341976,43.18181818181818,-0.1092578359475514,31.25,-1.8159857844172025,,,,,,,,,,
ターゲット,TGT,2024-08-05,0,1,1,0,0,0,,,55.55555555555556,0.8921789052080629,27.27272727272727,-1.1742980884097407,,,,,,,,,,,,
TE コネクティビティ,TEL,2024-08-05,0,1,0,0,0,0,,,,,52.63157894736842,2.2740577678937908,,,,,,,,,,,,
テレダイン テクノロジーズ,TDY,2024-08-05,0,1,0,0,0,0,,,,,57.44680851063831,2.563896854955064,,,,,,,,,,,,
テレフレックス,TFX,2024-08-05,0,0,0,0,0,0,,,,,,,,,,,,,,,,,,
テラダイン,TER,2024-08-05,0,1,1,0,0,0,,,71.42857142857143,2.564502548537187,28.57142857142857,-0.1758923392171369,,,,,,,,,,,,
テスラ,TSLA,2024-08-05,0,1,0,0,0,0,50.0,0.4076151154603125,54.054054054054056,1.850386226470509,65.21739130434783,1.6937680748672308,50.0,0.9092605023369345,83.33333333333334,1.1582706693616835,27.77777777777778,-0.6852333232960899,43.03030303030303,1.2947435358774364,40.0,0.3323251457112374,63.63636363636363,1.6569200283451353
テキサス インスツルメンツ,TXN,2024-08-05,0,1,1,0,0,0,,,55.55555555555556,0.6044950600585927,57.6271186440678,1.627763245998039,,,,,,,,,,,,
テクストロン,TXT,2024-08-05,0,1,0,0,0,0,,,,,65.95744680851064,3.2633132068531787,,,,,,,,,,,,
クーパー,COO,2024-08-05,0,0,0,0,0,0,,,83.33333333333334,3.279735324538496,,,55.00000000000001,2.026574765035955,,,,,,,,,,
ハートフォード ファイナンシャル サービシズ グループ,HIG,2024-08-05,0,0,0,0,0,0,,,,,,,79.3103448275862,4.2979964467838,65.0,2.601572850917982,,,,,,,54.761904761904766,2.720158008136575
ハーシー,HSY,2024-08-05,0,0,0,0,0,0,,,,,48.93617021276596,0.287682861329258,50.0,1.940338925444204,,,,,,,,,,
モザイク,MOS,2024-08-05,0,1,0,0,0,1,,,,,31.25,-0.390516011080025,30.0,-0.0020440848675845,,,,,,,,,,
トラベラーズ,TRV,2024-08-05,0,1,0,0,0,0,,,54.54545454545454,1.5930798548412404,59.25925925925925,3.691998063506088,,,,,,,,,,,,
ウォルト ディズニー,DIS,2024-08-05,0,0,1,0,0,1,,,0.0,-5.673784623805028,35.13513513513514,1.073539488585507,19.047619047619047,-0.1666412318814565,,,,,,,,,,
サーモ フィッシャー サイエンティフィック,TMO,2024-08-05,0,0,0,0,0,0,,,37.5,0.2472212458579374,,,,,83.33333333333334,2.41454436226394,,,,,,,31.25,-0.0701388443766699
ＴＪＸ,TJX,2024-08-05,0,0,0,0,0,0,,,,,,,,,,,,,,,,,,
トラクターサプライ,TSCO,2024-08-05,0,0,0,0,0,1,,,87.5,2.6445583385640585,48.07692307692308,2.484033094799984,44.44444444444444,1.7675769773634171,,,,,,,,,,
トレイン テクノロジーズ,TT,2024-08-05,0,1,0,0,0,1,,,,,43.39622641509434,2.186222632217772,65.21739130434783,2.2234593224942043,,,,,,,,,,
トランス ダイム グループ,TDG,2024-08-05,0,1,1,0,0,1,,,100.0,8.960308877131439,55.76923076923077,2.6306582562764387,62.96296296296296,2.45846040205531,,,,,,,,,,
トリンブル,TRMB,2024-08-05,0,1,1,0,0,0,,,57.14285714285714,0.4619398536032829,29.78723404255319,0.6845870065566375,,,,,,,,,,,,
トゥリスト ファイナンシャル,TFC,2024-08-05,0,1,0,0,0,0,,,,,52.17391304347826,0.8723949439409079,,,,,,,,,,,28.57142857142857,-2.3453236230663994
タイラー テクノロジーズ,TYL,2024-08-05,0,0,0,0,0,0,,,,,,,,,55.55555555555556,1.225014616267846,,,,,,,53.84615384615385,1.8138890938295849
タイソンフーズ,TSN,2024-08-05,0,0,0,1,0,0,,,,,,,,,,,,,,,,,46.66666666666666,-0.0256589716416688
US バンコープ,USB,2024-08-05,0,1,0,0,0,0,,,,,41.30434782608695,1.6387259373177565,,,,,,,,,,,,
UDR,UDR,2024-08-05,0,0,0,0,0,1,,,,,,,31.57894736842105,-1.7794490739163868,,,,,,,,,,
アルタ ビューティ,ULTA,2024-08-05,0,1,1,0,0,0,,,33.33333333333333,-0.507539216109764,57.49999999999999,3.144605827535925,,,,,,,,,,,,
アンダー アーマー A,UAA,2024-08-05,0,0,0,0,0,0,,,,,,,,,,,,,,,,,,
アンダー アーマー C,UA,2024-08-05,0,0,0,0,0,0,,,,,,,,,,,,,,,,,,
ユニオン パシフィック,UNP,2024-08-05,0,0,0,0,0,0,,,,,,,48.38709677419355,1.9137392641374869,,,,,,,,,,
ユナイテッド エアラインズ ホールディングス,UAL,2024-08-05,0,1,1,0,0,1,,,33.33333333333333,-0.4687747521334009,47.61904761904761,0.5802634137998121,45.0,-0.5080877210776753,,,,,,,,,,
ユナイテッド パーセル サービス B,UPS,2024-08-05,0,1,0,0,0,0,,,20.0,-1.245101879061081,42.30769230769231,2.168069984571984,,,,,,,,,,,,
ユナイテッド レンタルズ,URI,2024-08-05,0,1,0,0,0,0,,,,,59.18367346938776,2.177473020646835,,,,,,,,,,,,
ユナイテッドヘルス グループ,UNH,2024-08-05,0,0,0,0,0,0,,,,,,,48.57142857142857,1.0801616672440266,53.333333333333336,0.2451124968424502,,,,,,,38.70967741935484,-1.113384984245926
ユニバーサル ヘルス サービシーズ,UHS,2024-08-05,0,0,0,0,0,0,,,,,,,,,44.44444444444444,0.0821622370609802,,,,,,,55.88235294117647,1.4572657645133296
バレロ エナジー,VLO,2024-08-05,0,1,0,0,0,0,,,,,31.818181818181817,1.338352700961497,,,,,,,,,,,,
VTR,VTR,2024-08-05,0,0,0,0,0,0,,,,,,,,,40.0,-0.978379321163882,,,,,,,52.38095238095239,-0.0623650647537644
ベリサイン,VRSN,2024-08-05,0,0,0,0,0,0,,,,,,,,,,,,,,,,,25.71428571428571,-2.5204546076278564
ベリスク アナリティックス,VRSK,2024-08-05,0,1,0,0,0,0,,,,,54.761904761904766,0.6325305234434483,,,,,,,,,,,,
ベライゾン コミュニケーションズ,VZ,2024-08-05,0,0,0,0,0,0,,,,,38.46153846153847,-0.1932457270129133,,,,,,,,,,,,
バーテックス ファーマシューティカルズ,VRTX,2024-08-05,0,1,0,0,0,0,,,,,57.407407407407405,1.5137743346938328,,,,,,,,,,,,
VF,VFC,2024-08-05,0,0,0,0,0,0,,,,,,,,,,,,,,,,,,
ビアトリス,VTRS,2024-08-05,0,0,0,0,0,0,,,,,,,,,,,,,,,,,,
ビザ,V,2024-08-05,0,0,0,0,0,0,,,83.33333333333334,2.1918938460531763,,,,,,,,,,,,,,
VNO,VNO,2024-08-05,0,0,0,0,0,0,,,,,,,,,,,,,,,,,,
バルカン マテリアルズ,VMC,2024-08-05,0,0,0,0,0,0,,,60.0,1.9882847183876784,,,,,,,,,,,,,,
W.R. バークレー,WRB,2024-08-05,0,0,0,0,0,0,,,,,59.18367346938776,3.532282465192091,,,,,,,,,,,,
WW グレインジャー,GWW,2024-08-05,0,0,0,0,0,0,,,,,,,,,,,,,,,,,,
ウェスティングハウス エア ブレーキ テクノロジーズ,WAB,2024-08-05,0,1,1,0,0,0,,,80.0,2.0934413215362526,66.66666666666666,3.86163533583866,70.37037037037037,3.817314530125657,,,,,,,,,,
ウォルグリーン ブーツ アライアンス,WBA,2024-08-05,0,1,1,0,0,0,,,57.14285714285714,0.7537525950670697,18.0,-2.4276829639214297,14.285714285714285,-2.1554781732162693,,,,,,,,,,
ウォルマート,WMT,2024-08-05,0,1,0,0,0,1,,,,,80.0,5.343231552620657,75.0,4.296815828694955,,,,,,,,,,
ウエイスト マネジメント,WM,2024-08-05,0,1,0,0,0,0,,,90.9090909090909,5.626876425119221,63.46153846153846,2.916874903171733,,,,,,,,,,,,
ウォーターズ,WAT,2024-08-05,0,0,0,0,0,0,,,,,,,45.94594594594595,0.351899968158636,,,,,,,,,,
WEC エナジー グループ,WEC,2024-08-05,0,0,0,0,0,0,,,,,,,53.125,1.640360906032181,,,,,,,,,20.0,-2.949484808296485
ウェルズ ファーゴ,WFC,2024-08-05,0,1,1,0,0,0,,,14.285714285714285,-1.3402669511042655,32.55813953488372,0.4664400974405689,,,,,,,,,,,,
WELL,WELL,2024-08-05,0,0,0,0,0,0,,,,,,,,,78.57142857142857,1.7728440548220543,,,,,,,54.54545454545454,1.0648031982832435
ウエスト ファーマシューティカル サービシズ,WST,2024-08-05,0,0,0,0,0,0,,,11.11111111111111,-1.2752205989391865,50.0,0.6647866253884661,,,,,,,,,,,,
ウエスタン デジタル,WDC,2024-08-05,0,1,1,0,0,1,,,100.0,12.163849209636329,38.297872340425535,0.7513079653682488,33.33333333333333,1.0593336095042531,,,,,,,,,,
ウエスタン ユニオン,WU,2024-08-05,0,1,1,0,0,0,,,50.0,0.4539040899703314,18.367346938775512,-1.619035826726669,,,,,,,,,,,,
ウエストロック,WRK,2024-07-05,0,0,0,0,0,0,,,,,,,55.00000000000001,2.2777356659443866,,,,,,,,,,
WY,WY,2024-08-05,0,0,0,0,0,0,,,33.33333333333333,0.3120387163672324,45.83333333333333,2.0113364658038195,,,,,,,,,,,34.375,-2.0566615384550424
ワールプール,WHR,2024-08-05,0,1,0,0,0,0,,,,,29.629629629629623,-0.1880803279178913,,,,,,,,,,,,
ウィリアムズ カンパニーズ,WMB,2024-08-05,0,1,0,0,0,0,,,,,57.14285714285714,3.1962614807911054,,,47.61904761904761,0.3451092855097161,,,,,,,58.97435897435898,2.0453175099188163
ウィン リゾーツ,WYNN,2024-08-05,0,1,1,0,0,1,,,20.0,-0.6556561613885311,30.95238095238096,0.2149476939539102,31.03448275862069,-1.6182504952224577,,,,,,,,,,
エクセル エナジー,XEL,2024-08-05,0,0,0,0,0,0,,,,,,,,,,,,,,,,,29.03225806451613,-2.4311876010059907
ザイレム,XYL,2024-08-05,0,1,1,0,0,0,,,11.11111111111111,-1.0469750567465903,43.39622641509434,0.0165014317105983,,,,,,,,,,,,
ヤム! ブランズ,YUM,2024-08-05,0,0,0,0,0,0,,,50.0,0.6865816968657413,,,,,,,,,,,,,,
ゼブラ テクノロジーズ,ZBRA,2024-08-05,0,1,0,0,0,0,,,,,30.23255813953488,0.1885269709929749,,,,,,,,,,,,
ジンマー バイオメット ホールディングス,ZBH,2024-08-05,0,0,0,0,0,0,,,,,,,,,,,,,,,,,,
ザイオンズ バンコープ,ZION,2024-08-05,0,1,0,0,0,0,,,,,28.000000000000004,-0.3692614793520098,,,,,,,,,,,35.483870967741936,-0.3660400036804596
ゾエティス,ZTS,2024-08-05,0,0,0,0,0,0,,,,,,,,,,,,,,,,,,
Direxion デイリー 半導体株 ブル3倍 ETF,SOXL,2024-08-05,0,1,1,0,0,1,40.0,0.0417284919338279,100.0,10.418345794490634,55.10204081632652,0.5952968295903223,42.64705882352941,2.124651981755993,26.31578947368421,-1.01819942036545,38.88888888888889,1.0209529626920757,57.51633986928104,2.052948165731048,53.333333333333336,0.7353993174624904,32.5,-0.7503250182121539
BTC-JPY,BTC-JPY,2024-08-05,0,1,1,0,0,0,,,,,,,,,,,,,,,,,,
Direxion デイリー 20年超米国債 ブル3倍 ETF,TMF,2024-08-05,0,0,0,1,0,0,63.63636363636363,1.9314002527547327,53.84615384615385,1.4006147516464686,32.8125,-1.1895826415126212,30.0,0.4534234820757287,,,51.11111111111111,-0.6701583254673222,31.37254901960784,-1.189919594823199,31.666666666666664,-0.9006626542010677,43.47826086956522,-0.6944063497232218
サウンドハウンド AI,SOUN,2024-08-05,0,0,0,0,0,0,75.0,1.9584588303179973,40.0,0.8699902084756161,32.25806451612903,0.773201934156239,77.77777777777779,3.0377071648828022,50.0,0.3974896816622984,45.45454545454545,0.988135982375835,45.45454545454545,1.5095067886787032,25.925925925925924,0.3690198165935768,50.0,1.5172697905073005
